,fraud_risk_predict
0,0
1,0
2,2
3,1
4,0
5,0
6,0
7,1
8,0
9,2
10,2
11,1
12,2
13,0
14,0
15,0
16,0
17,0
18,1
19,0
20,1
21,1
22,1
23,1
24,0
25,0
26,0
27,1
28,2
29,0
30,0
31,1
32,1
33,1
34,1
35,0
36,2
37,0
38,2
39,0
40,1
41,2
42,1
43,2
44,1
45,2
46,0
47,2
48,1
49,0
50,0
51,2
52,0
53,1
54,0
55,0
56,0
57,0
58,2
59,2
60,2
61,0
62,2
63,2
64,0
65,2
66,1
67,1
68,0
69,1
70,0
71,0
72,1
73,0
74,2
75,2
76,0
77,1
78,2
79,2
80,1
81,0
82,2
83,1
84,2
85,0
86,0
87,0
88,0
89,1
90,1
91,1
92,0
93,0
94,2
95,0
96,2
97,1
98,1
99,0
100,0
101,0
102,0
103,0
104,2
105,0
106,1
107,2
108,2
109,0
110,0
111,0
112,1
113,0
114,1
115,0
116,1
117,1
118,0
119,0
120,0
121,0
122,1
123,1
124,2
125,2
126,0
127,1
128,2
129,2
130,0
131,2
132,2
133,2
134,0
135,0
136,1
137,0
138,0
139,1
140,1
141,0
142,2
143,1
144,1
145,0
146,1
147,0
148,0
149,1
150,0
151,2
152,0
153,0
154,2
155,0
156,1
157,0
158,1
159,2
160,1
161,2
162,0
163,0
164,2
165,2
166,0
167,2
168,0
169,1
170,0
171,2
172,0
173,2
174,0
175,0
176,0
177,2
178,1
179,1
180,0
181,0
182,1
183,2
184,2
185,0
186,1
187,2
188,0
189,2
190,1
191,2
192,2
193,0
194,1
195,2
196,0
197,0
198,0
199,0
200,0
201,2
202,1
203,2
204,0
205,1
206,1
207,1
208,0
209,0
210,0
211,2
212,1
213,0
214,2
215,1
216,0
217,0
218,2
219,0
220,1
221,1
222,0
223,0
224,0
225,1
226,0
227,2
228,0
229,2
230,0
231,1
232,2
233,2
234,1
235,2
236,2
237,0
238,2
239,0
240,1
241,1
242,2
243,2
244,0
245,1
246,0
247,0
248,1
249,0
250,1
251,1
252,2
253,2
254,1
255,0
256,0
257,1
258,0
259,2
260,2
261,0
262,0
263,1
264,2
265,0
266,0
267,0
268,1
269,1
270,1
271,1
272,1
273,2
274,0
275,0
276,0
277,0
278,1
279,0
280,2
281,0
282,0
283,2
284,1
285,0
286,0
287,1
288,0
289,0
290,1
291,0
292,1
293,0
294,1
295,2
296,0
297,1
298,1
299,0
300,2
301,1
302,0
303,0
304,2
305,0
306,2
307,2
308,0
309,2
310,0
311,1
312,1
313,0
314,2
315,2
316,2
317,2
318,1
319,2
320,1
321,2
322,0
323,1
324,1
325,1
326,1
327,0
328,2
329,2
330,0
331,0
332,2
333,1
334,2
335,2
336,0
337,1
338,0
339,0
340,0
341,2
342,1
343,1
344,0
345,1
346,1
347,1
348,2
349,0
350,2
351,0
352,0
353,2
354,1
355,0
356,1
357,0
358,2
359,1
360,2
361,2
362,2
363,0
364,1
365,0
366,2
367,0
368,2
369,0
370,2
371,2
372,1
373,0
374,1
375,1
376,0
377,0
378,0
379,1
380,1
381,1
382,1
383,0
384,0
385,1
386,1
387,0
388,0
389,2
390,2
391,1
392,2
393,1
394,0
395,2
396,0
397,1
398,0
399,0
400,2
401,1
402,0
403,0
404,2
405,1
406,2
407,2
408,0
409,0
410,1
411,2
412,0
413,2
414,1
415,1
416,0
417,2
418,0
419,2
420,2
421,0
422,0
423,0
424,1
425,0
426,0
427,1
428,0
429,0
430,2
431,2
432,2
433,0
434,1
435,0
436,1
437,0
438,0
439,0
440,1
441,0
442,0
443,1
444,0
445,0
446,1
447,0
448,0
449,1
450,1
451,0
452,0
453,1
454,0
455,0
456,2
457,0
458,0
459,1
460,2
461,1
462,2
463,2
464,0
465,2
466,2
467,0
468,0
469,0
470,0
471,1
472,1
473,2
474,2
475,0
476,0
477,2
478,1
479,0
480,2
481,0
482,0
483,0
484,1
485,0
486,1
487,1
488,0
489,0
490,0
491,1
492,0
493,1
494,1
495,0
496,1
497,0
498,1
499,0
500,1
501,2
502,0
503,0
504,0
505,0
506,0
507,0
508,0
509,1
510,1
511,0
512,0
513,2
514,2
515,0
516,0
517,1
518,1
519,0
520,0
521,2
522,0
523,2
524,1
525,0
526,0
527,0
528,2
529,2
530,0
531,0
532,2
533,0
534,1
535,2
536,0
537,0
538,2
539,0
540,0
541,0
542,2
543,1
544,1
545,1
546,1
547,1
548,0
549,2
550,2
551,1
552,2
553,0
554,2
555,0
556,1
557,0
558,0
559,0
560,1
561,1
562,0
563,2
564,0
565,0
566,1
567,0
568,0
569,1
570,1
571,1
572,2
573,0
574,2
575,2
576,2
577,0
578,1
579,0
580,2
581,1
582,1
583,1
584,2
585,2
586,2
587,1
588,1
589,0
590,1
591,0
592,1
593,0
594,2
595,1
596,1
597,0
598,2
599,0
600,2
601,1
602,1
603,1
604,0
605,0
606,0
607,0
608,0
609,1
610,1
611,1
612,0
613,1
614,2
615,2
616,0
617,1
618,0
619,0
620,2
621,2
622,2
623,0
624,0
625,1
626,1
627,0
628,0
629,0
630,0
631,1
632,0
633,2
634,0
635,1
636,2
637,0
638,2
639,1
640,0
641,0
642,1
643,0
644,0
645,1
646,0
647,0
648,1
649,2
650,2
651,1
652,0
653,0
654,2
655,0
656,0
657,0
658,2
659,1
660,2
661,0
662,1
663,2
664,0
665,0
666,1
667,0
668,0
669,0
670,2
671,0
672,1
673,0
674,0
675,0
676,2
677,1
678,0
679,2
680,1
681,0
682,0
683,0
684,2
685,0
686,0
687,1
688,1
689,0
690,2
691,0
692,0
693,0
694,1
695,2
696,2
697,1
698,1
699,0
700,1
701,1
702,1
703,2
704,1
705,1
706,1
707,0
708,2
709,2
710,2
711,0
712,0
713,0
714,2
715,2
716,1
717,0
718,0
719,2
720,2
721,0
722,0
723,1
724,2
725,2
726,0
727,1
728,2
729,2
730,2
731,2
732,2
733,2
734,0
735,2
736,0
737,0
738,0
739,0
740,0
741,2
742,0
743,2
744,1
745,2
746,0
747,1
748,0
749,1
750,1
751,0
752,1
753,0
754,1
755,2
756,0
757,1
758,2
759,2
760,0
761,1
762,0
763,0
764,0
765,0
766,1
767,0
768,1
769,1
770,0
771,2
772,0
773,0
774,2
775,1
776,2
777,2
778,0
779,0
780,1
781,1
782,1
783,1
784,2
785,2
786,0
787,2
788,1
789,1
790,0
791,1
792,0
793,1
794,1
795,2
796,0
797,0
798,1
799,1
800,0
801,1
802,2
803,0
804,0
805,0
806,2
807,0
808,2
809,0
810,0
811,0
812,1
813,2
814,2
815,2
816,1
817,0
818,1
819,0
820,0
821,2
822,2
823,1
824,1
825,1
826,0
827,0
828,2
829,2
830,0
831,1
832,1
833,1
834,0
835,1
836,0
837,0
838,2
839,0
840,0
841,2
842,2
843,2
844,2
845,2
846,2
847,1
848,0
849,1
850,1
851,0
852,0
853,0
854,2
855,0
856,1
857,1
858,0
859,1
860,1
861,0
862,1
863,1
864,1
865,1
866,1
867,2
868,0
869,0
870,1
871,2
872,0
873,1
874,0
875,0
876,2
877,1
878,0
879,0
880,0
881,0
882,1
883,0
884,0
885,2
886,2
887,2
888,0
889,1
890,0
891,0
892,0
893,2
894,2
895,2
896,2
897,2
898,0
899,0
900,2
901,0
902,2
903,0
904,0
905,1
906,0
907,0
908,2
909,2
910,1
911,0
912,0
913,0
914,1
915,1
916,0
917,0
918,1
919,1
920,0
921,2
922,2
923,1
924,0
925,0
926,1
927,0
928,0
929,0
930,1
931,0
932,0
933,1
934,0
935,1
936,0
937,0
938,0
939,0
940,0
941,0
942,1
943,0
944,0
945,0
946,0
947,2
948,0
949,2
950,1
951,2
952,1
953,1
954,0
955,2
956,1
957,1
958,0
959,2
960,2
961,0
962,1
963,0
964,1
965,1
966,1
967,2
968,2
969,0
970,2
971,0
972,0
973,2
974,0
975,2
976,0
977,1
978,1
979,0
980,0
981,1
982,0
983,0
984,0
985,1
986,2
987,2
988,0
989,0
990,2
991,2
992,0
993,1
994,2
995,0
996,0
997,2
998,1
999,0
1000,2
1001,0
1002,0
1003,1
1004,1
1005,2
1006,0
1007,0
1008,1
1009,0
1010,0
1011,0
1012,1
1013,2
1014,0
1015,0
1016,2
1017,0
1018,0
1019,1
1020,2
1021,2
1022,2
1023,1
1024,0
1025,0
1026,2
1027,2
1028,0
1029,1
1030,1
1031,2
1032,0
1033,0
1034,0
1035,2
1036,0
1037,1
1038,1
1039,2
1040,1
1041,0
1042,1
1043,1
1044,0
1045,0
1046,1
1047,1
1048,0
1049,0
1050,2
1051,0
1052,1
1053,1
1054,0
1055,0
1056,0
1057,1
1058,0
1059,0
1060,0
1061,0
1062,1
1063,0
1064,0
1065,2
1066,0
1067,0
1068,1
1069,2
1070,2
1071,1
1072,2
1073,0
1074,2
1075,0
1076,0
1077,0
1078,0
1079,0
1080,1
1081,1
1082,1
1083,2
1084,0
1085,2
1086,0
1087,2
1088,1
1089,0
1090,1
1091,0
1092,0
1093,0
1094,0
1095,1
1096,1
1097,2
1098,0
1099,0
1100,2
1101,0
1102,0
1103,2
1104,0
1105,0
1106,0
1107,0
1108,2
1109,0
1110,0
1111,1
1112,2
1113,2
1114,1
1115,1
1116,0
1117,0
1118,2
1119,2
1120,2
1121,0
1122,1
1123,0
1124,2
1125,2
1126,0
1127,0
1128,1
1129,2
1130,0
1131,0
1132,0
1133,2
1134,2
1135,0
1136,2
1137,2
1138,0
1139,2
1140,1
1141,1
1142,0
1143,0
1144,0
1145,1
1146,0
1147,1
1148,1
1149,1
1150,2
1151,0
1152,1
1153,1
1154,0
1155,0
1156,1
1157,0
1158,0
1159,1
1160,0
1161,2
1162,0
1163,0
1164,0
1165,0
1166,0
1167,0
1168,2
1169,2
1170,1
1171,2
1172,0
1173,1
1174,1
1175,0
1176,1
1177,2
1178,1
1179,2
1180,0
1181,0
1182,0
1183,0
1184,0
1185,0
1186,0
1187,1
1188,2
1189,0
1190,0
1191,0
1192,2
1193,0
1194,2
1195,0
1196,1
1197,0
1198,2
1199,1
1200,1
1201,2
1202,2
1203,1
1204,0
1205,0
1206,0
1207,0
1208,0
1209,0
1210,1
1211,1
1212,0
1213,1
1214,1
1215,2
1216,0
1217,0
1218,2
1219,2
1220,0
1221,1
1222,2
1223,0
1224,2
1225,0
1226,0
1227,0
1228,1
1229,0
1230,0
1231,0
1232,1
1233,0
1234,0
1235,0
1236,0
1237,1
1238,0
1239,1
1240,1
1241,2
1242,1
1243,0
1244,0
1245,0
1246,0
1247,1
1248,1
1249,1
1250,1
1251,2
1252,0
1253,1
1254,1
1255,1
1256,1
1257,0
1258,1
1259,2
1260,1
1261,1
1262,0
1263,1
1264,2
1265,0
1266,1
1267,1
1268,1
1269,0
1270,1
1271,1
1272,0
1273,0
1274,0
1275,1
1276,0
1277,0
1278,1
1279,2
1280,2
1281,0
1282,0
1283,1
1284,2
1285,0
1286,2
1287,1
1288,0
1289,0
1290,0
1291,2
1292,2
1293,1
1294,2
1295,0
1296,1
1297,0
1298,2
1299,0
1300,0
1301,0
1302,1
1303,1
1304,2
1305,2
1306,2
1307,2
1308,0
1309,1
1310,0
1311,1
1312,0
1313,0
1314,0
1315,2
1316,1
1317,0
1318,1
1319,0
1320,1
1321,1
1322,2
1323,2
1324,1
1325,0
1326,0
1327,1
1328,0
1329,2
1330,2
1331,0
1332,1
1333,1
1334,2
1335,0
1336,0
1337,1
1338,0
1339,1
1340,0
1341,1
1342,0
1343,1
1344,0
1345,0
1346,2
1347,1
1348,2
1349,0
1350,2
1351,1
1352,2
1353,0
1354,0
1355,1
1356,2
1357,0
1358,1
1359,2
1360,0
1361,1
1362,2
1363,1
1364,2
1365,0
1366,1
1367,0
1368,0
1369,0
1370,0
1371,2
1372,0
1373,1
1374,0
1375,0
1376,2
1377,2
1378,0
1379,0
1380,0
1381,0
1382,0
1383,2
1384,0
1385,2
1386,2
1387,2
1388,1
1389,2
1390,1
1391,0
1392,0
1393,0
1394,2
1395,0
1396,1
1397,2
1398,0
1399,0
1400,1
1401,2
1402,0
1403,1
1404,0
1405,1
1406,1
1407,0
1408,1
1409,1
1410,2
1411,0
1412,0
1413,0
1414,2
1415,1
1416,1
1417,1
1418,0
1419,2
1420,2
1421,2
1422,0
1423,0
1424,0
1425,0
1426,0
1427,0
1428,1
1429,2
1430,0
1431,2
1432,0
1433,0
1434,0
1435,1
1436,0
1437,0
1438,0
1439,1
1440,0
1441,0
1442,0
1443,1
1444,2
1445,0
1446,0
1447,1
1448,2
1449,0
1450,2
1451,2
1452,0
1453,2
1454,0
1455,0
1456,1
1457,2
1458,0
1459,1
1460,1
1461,1
1462,1
1463,0
1464,0
1465,2
1466,0
1467,2
1468,1
1469,2
1470,1
1471,1
1472,0
1473,0
1474,2
1475,1
1476,2
1477,0
1478,0
1479,2
1480,2
1481,0
1482,1
1483,1
1484,2
1485,1
1486,0
1487,1
1488,0
1489,1
1490,1
1491,0
1492,2
1493,2
1494,2
1495,2
1496,1
1497,0
1498,0
1499,0
1500,1
1501,0
1502,0
1503,1
1504,1
1505,0
1506,0
1507,1
1508,1
1509,2
1510,0
1511,0
1512,0
1513,0
1514,2
1515,1
1516,0
1517,0
1518,0
1519,0
1520,1
1521,2
1522,2
1523,1
1524,0
1525,2
1526,1
1527,0
1528,1
1529,0
1530,1
1531,1
1532,0
1533,2
1534,0
1535,1
1536,0
1537,0
1538,0
1539,2
1540,0
1541,0
1542,2
1543,0
1544,0
1545,1
1546,0
1547,1
1548,0
1549,0
1550,0
1551,1
1552,2
1553,0
1554,1
1555,1
1556,1
1557,0
1558,0
1559,1
1560,0
1561,2
1562,0
1563,1
1564,0
1565,1
1566,0
1567,0
1568,2
1569,1
1570,0
1571,0
1572,0
1573,1
1574,0
1575,0
1576,1
1577,0
1578,0
1579,1
1580,0
1581,0
1582,2
1583,1
1584,1
1585,0
1586,2
1587,0
1588,0
1589,0
1590,1
1591,0
1592,0
1593,1
1594,2
1595,2
1596,1
1597,1
1598,0
1599,0
1600,0
1601,0
1602,2
1603,0
1604,2
1605,0
1606,0
1607,0
1608,0
1609,1
1610,0
1611,0
1612,1
1613,0
1614,0
1615,0
1616,1
1617,0
1618,2
1619,0
1620,2
1621,2
1622,0
1623,2
1624,0
1625,1
1626,0
1627,0
1628,1
1629,0
1630,2
1631,0
1632,1
1633,1
1634,1
1635,0
1636,1
1637,2
1638,0
1639,0
1640,0
1641,0
1642,1
1643,0
1644,1
1645,0
1646,1
1647,2
1648,0
1649,2
1650,1
1651,0
1652,0
1653,0
1654,0
1655,0
1656,1
1657,1
1658,2
1659,0
1660,0
1661,0
1662,2
1663,0
1664,0
1665,1
1666,0
1667,0
1668,0
1669,1
1670,1
1671,1
1672,2
1673,2
1674,2
1675,2
1676,0
1677,2
1678,0
1679,0
1680,0
1681,0
1682,0
1683,0
1684,1
1685,1
1686,0
1687,2
1688,0
1689,1
1690,1
1691,1
1692,0
1693,2
1694,0
1695,0
1696,0
1697,2
1698,2
1699,0
1700,1
1701,0
1702,0
1703,1
1704,0
1705,0
1706,1
1707,2
1708,1
1709,0
1710,1
1711,2
1712,1
1713,2
1714,0
1715,1
1716,1
1717,0
1718,0
1719,0
1720,2
1721,0
1722,0
1723,0
1724,1
1725,0
1726,2
1727,0
1728,0
1729,0
1730,0
1731,1
1732,1
1733,1
1734,0
1735,0
1736,1
1737,2
1738,0
1739,0
1740,1
1741,0
1742,0
1743,0
1744,1
1745,2
1746,1
1747,0
1748,2
1749,0
1750,0
1751,0
1752,0
1753,0
1754,0
1755,2
1756,1
1757,2
1758,1
1759,0
1760,1
1761,0
1762,0
1763,2
1764,0
1765,0
1766,0
1767,0
1768,1
1769,0
1770,0
1771,1
1772,0
1773,2
1774,1
1775,0
1776,1
1777,0
1778,0
1779,0
1780,0
1781,0
1782,1
1783,0
1784,1
1785,2
1786,1
1787,1
1788,0
1789,0
1790,0
1791,0
1792,0
1793,0
1794,0
1795,0
1796,2
1797,2
1798,1
1799,0
1800,1
1801,1
1802,0
1803,0
1804,0
1805,0
1806,2
1807,2
1808,1
1809,2
1810,2
1811,0
1812,0
1813,2
1814,1
1815,2
1816,0
1817,1
1818,0
1819,2
1820,1
1821,2
1822,1
1823,1
1824,1
1825,2
1826,2
1827,1
1828,2
1829,0
1830,2
1831,1
1832,1
1833,0
1834,2
1835,0
1836,1
1837,1
1838,0
1839,1
1840,1
1841,1
1842,1
1843,2
1844,2
1845,0
1846,2
1847,0
1848,0
1849,2
1850,1
1851,0
1852,0
1853,0
1854,1
1855,0
1856,0
1857,1
1858,1
1859,2
1860,1
1861,1
1862,2
1863,1
1864,0
1865,2
1866,1
1867,0
1868,2
1869,1
1870,0
1871,0
1872,1
1873,0
1874,0
1875,2
1876,0
1877,0
1878,1
1879,0
1880,0
1881,1
1882,2
1883,1
1884,0
1885,0
1886,0
1887,2
1888,1
1889,0
1890,2
1891,1
1892,0
1893,0
1894,1
1895,2
1896,0
1897,2
1898,0
1899,1
1900,0
1901,1
1902,1
1903,2
1904,0
1905,2
1906,1
1907,0
1908,0
1909,0
1910,2
1911,1
1912,0
1913,2
1914,1
1915,2
1916,2
1917,0
1918,0
1919,1
1920,0
1921,0
1922,1
1923,0
1924,2
1925,2
1926,2
1927,0
1928,1
1929,1
1930,1
1931,0
1932,0
1933,1
1934,0
1935,2
1936,2
1937,0
1938,1
1939,2
1940,0
1941,1
1942,1
1943,0
1944,0
1945,0
1946,1
1947,0
1948,1
1949,1
1950,0
1951,1
1952,0
1953,2
1954,2
1955,1
1956,2
1957,0
1958,0
1959,0
1960,1
1961,2
1962,2
1963,1
1964,0
1965,1
1966,2
1967,0
1968,1
1969,2
1970,0
1971,1
1972,1
1973,2
1974,0
1975,1
1976,0
1977,2
1978,2
1979,0
1980,0
1981,0
1982,0
1983,0
1984,0
1985,0
1986,0
1987,0
1988,1
1989,0
1990,2
1991,2
1992,1
1993,0
1994,0
1995,0
1996,0
1997,1
1998,1
1999,1
2000,0
2001,0
2002,2
2003,1
2004,1
2005,1
2006,1
2007,1
2008,1
2009,0
2010,0
2011,0
2012,2
2013,0
2014,1
2015,2
2016,0
2017,0
2018,0
2019,1
2020,2
2021,2
2022,1
2023,2
2024,2
2025,2
2026,2
2027,1
2028,0
2029,0
2030,2
2031,0
2032,1
2033,0
2034,1
2035,1
2036,0
2037,2
2038,0
2039,2
2040,0
2041,1
2042,0
2043,1
2044,1
2045,0
2046,2
2047,1
2048,0
2049,1
2050,0
2051,0
2052,1
2053,0
2054,0
2055,1
2056,0
2057,0
2058,0
2059,0
2060,2
2061,0
2062,1
2063,0
2064,1
2065,0
2066,0
2067,0
2068,2
2069,0
2070,0
2071,0
2072,0
2073,2
2074,0
2075,1
2076,0
2077,0
2078,1
2079,0
2080,2
2081,0
2082,2
2083,2
2084,2
2085,0
2086,0
2087,0
2088,2
2089,1
2090,1
2091,0
2092,0
2093,0
2094,2
2095,2
2096,0
2097,2
2098,0
2099,2
2100,2
2101,0
2102,2
2103,0
2104,2
2105,0
2106,0
2107,0
2108,0
2109,1
2110,1
2111,1
2112,2
2113,1
2114,2
2115,0
2116,1
2117,1
2118,0
2119,0
2120,0
2121,0
2122,0
2123,0
2124,0
2125,0
2126,2
2127,0
2128,2
2129,0
2130,2
2131,1
2132,0
2133,2
2134,0
2135,2
2136,1
2137,1
2138,0
2139,0
2140,1
2141,2
2142,0
2143,0
2144,1
2145,0
2146,1
2147,0
2148,2
2149,1
2150,1
2151,1
2152,2
2153,1
2154,1
2155,0
2156,2
2157,1
2158,2
2159,2
2160,1
2161,0
2162,1
2163,1
2164,2
2165,2
2166,2
2167,1
2168,1
2169,0
2170,2
2171,1
2172,0
2173,0
2174,0
2175,2
2176,0
2177,1
2178,2
2179,1
2180,0
2181,1
2182,1
2183,2
2184,1
2185,0
2186,0
2187,2
2188,0
2189,2
2190,0
2191,2
2192,1
2193,0
2194,2
2195,2
2196,0
2197,0
2198,0
2199,1
2200,2
2201,1
2202,1
2203,0
2204,0
2205,0
2206,0
2207,0
2208,0
2209,0
2210,2
2211,1
2212,1
2213,0
2214,0
2215,0
2216,0
2217,1
2218,0
2219,0
2220,1
2221,1
2222,2
2223,1
2224,1
2225,0
2226,1
2227,1
2228,2
2229,1
2230,2
2231,0
2232,0
2233,1
2234,0
2235,2
2236,0
2237,2
2238,0
2239,1
2240,1
2241,1
2242,1
2243,2
2244,0
2245,0
2246,0
2247,0
2248,1
2249,0
2250,2
2251,0
2252,2
2253,2
2254,1
2255,0
2256,2
2257,0
2258,0
2259,0
2260,0
2261,1
2262,2
2263,0
2264,0
2265,0
2266,1
2267,1
2268,0
2269,1
2270,2
2271,1
2272,1
2273,0
2274,2
2275,2
2276,0
2277,0
2278,0
2279,0
2280,0
2281,1
2282,1
2283,1
2284,0
2285,2
2286,0
2287,0
2288,0
2289,0
2290,0
2291,2
2292,0
2293,2
2294,1
2295,0
2296,0
2297,1
2298,1
2299,0
2300,1
2301,0
2302,0
2303,0
2304,0
2305,0
2306,0
2307,2
2308,1
2309,0
2310,1
2311,0
2312,2
2313,1
2314,0
2315,1
2316,0
2317,2
2318,0
2319,0
2320,1
2321,0
2322,2
2323,0
2324,0
2325,1
2326,0
2327,2
2328,0
2329,0
2330,1
2331,1
2332,1
2333,0
2334,0
2335,0
2336,0
2337,1
2338,2
2339,1
2340,1
2341,0
2342,0
2343,0
2344,2
2345,0
2346,2
2347,0
2348,0
2349,1
2350,1
2351,2
2352,1
2353,2
2354,0
2355,2
2356,1
2357,1
2358,0
2359,0
2360,1
2361,2
2362,2
2363,0
2364,0
2365,1
2366,2
2367,0
2368,0
2369,0
2370,0
2371,1
2372,1
2373,0
2374,1
2375,0
2376,2
2377,0
2378,1
2379,0
2380,0
2381,2
2382,0
2383,1
2384,0
2385,0
2386,2
2387,0
2388,0
2389,1
2390,1
2391,1
2392,2
2393,2
2394,0
2395,2
2396,0
2397,1
2398,0
2399,0
2400,1
2401,2
2402,0
2403,0
2404,0
2405,0
2406,1
2407,0
2408,1
2409,2
2410,1
2411,0
2412,2
2413,0
2414,1
2415,0
2416,0
2417,1
2418,1
2419,2
2420,0
2421,0
2422,0
2423,1
2424,2
2425,0
2426,0
2427,2
2428,0
2429,2
2430,2
2431,2
2432,2
2433,0
2434,0
2435,2
2436,1
2437,2
2438,1
2439,0
2440,0
2441,0
2442,1
2443,2
2444,0
2445,1
2446,1
2447,0
2448,1
2449,2
2450,1
2451,1
2452,2
2453,0
2454,2
2455,2
2456,2
2457,0
2458,0
2459,1
2460,1
2461,1
2462,0
2463,0
2464,2
2465,0
2466,1
2467,0
2468,0
2469,2
2470,0
2471,1
2472,1
2473,0
2474,2
2475,2
2476,2
2477,1
2478,1
2479,0
2480,0
2481,2
2482,2
2483,0
2484,0
2485,2
2486,1
2487,0
2488,1
2489,1
2490,2
2491,0
2492,1
2493,1
2494,0
2495,0
2496,2
2497,2
2498,0
2499,1
2500,1
2501,2
2502,0
2503,2
2504,0
2505,1
2506,1
2507,0
2508,0
2509,1
2510,1
2511,0
2512,1
2513,2
2514,0
2515,1
2516,0
2517,2
2518,0
2519,0
2520,1
2521,1
2522,2
2523,1
2524,0
2525,1
2526,0
2527,1
2528,2
2529,1
2530,0
2531,2
2532,0
2533,0
2534,0
2535,0
2536,1
2537,0
2538,1
2539,0
2540,1
2541,0
2542,1
2543,0
2544,1
2545,2
2546,1
2547,2
2548,1
2549,2
2550,0
2551,1
2552,0
2553,0
2554,0
2555,0
2556,2
2557,2
2558,2
2559,1
2560,2
2561,0
2562,0
2563,0
2564,2
2565,1
2566,2
2567,2
2568,1
2569,0
2570,0
2571,1
2572,0
2573,0
2574,1
2575,1
2576,1
2577,2
2578,2
2579,1
2580,0
2581,0
2582,2
2583,0
2584,1
2585,0
2586,0
2587,0
2588,0
2589,0
2590,0
2591,0
2592,1
2593,0
2594,0
2595,0
2596,1
2597,1
2598,2
2599,1
2600,1
2601,0
2602,0
2603,1
2604,2
2605,2
2606,1
2607,1
2608,0
2609,1
2610,1
2611,0
2612,1
2613,1
2614,1
2615,1
2616,0
2617,2
2618,2
2619,0
2620,0
2621,2
2622,1
2623,1
2624,0
2625,0
2626,2
2627,1
2628,2
2629,0
2630,2
2631,1
2632,1
2633,0
2634,2
2635,2
2636,1
2637,1
2638,0
2639,2
2640,2
2641,0
2642,0
2643,0
2644,0
2645,0
2646,1
2647,0
2648,0
2649,0
2650,0
2651,1
2652,0
2653,1
2654,1
2655,2
2656,0
2657,2
2658,0
2659,0
2660,0
2661,0
2662,1
2663,1
2664,0
2665,1
2666,1
2667,2
2668,1
2669,0
2670,2
2671,2
2672,0
2673,2
2674,1
2675,1
2676,0
2677,1
2678,0
2679,1
2680,1
2681,1
2682,1
2683,2
2684,1
2685,0
2686,2
2687,1
2688,0
2689,1
2690,0
2691,2
2692,0
2693,0
2694,1
2695,0
2696,2
2697,0
2698,0
2699,1
2700,1
2701,0
2702,0
2703,0
2704,2
2705,1
2706,0
2707,1
2708,1
2709,2
2710,0
2711,1
2712,1
2713,2
2714,2
2715,0
2716,1
2717,1
2718,1
2719,2
2720,0
2721,2
2722,1
2723,2
2724,0
2725,2
2726,2
2727,1
2728,2
2729,2
2730,2
2731,0
2732,0
2733,1
2734,1
2735,1
2736,1
2737,0
2738,2
2739,0
2740,0
2741,1
2742,1
2743,0
2744,2
2745,1
2746,0
2747,0
2748,2
2749,0
2750,0
2751,1
2752,0
2753,0
2754,2
2755,2
2756,0
2757,0
2758,2
2759,0
2760,0
2761,2
2762,2
2763,2
2764,1
2765,2
2766,0
2767,0
2768,0
2769,0
2770,1
2771,1
2772,0
2773,1
2774,2
2775,1
2776,2
2777,0
2778,0
2779,2
2780,2
2781,0
2782,2
2783,1
2784,1
2785,2
2786,2
2787,0
2788,0
2789,0
2790,0
2791,2
2792,0
2793,0
2794,0
2795,1
2796,0
2797,0
2798,0
2799,0
2800,1
2801,1
2802,0
2803,0
2804,1
2805,1
2806,0
2807,0
2808,0
2809,0
2810,0
2811,1
2812,2
2813,0
2814,1
2815,0
2816,0
2817,1
2818,1
2819,2
2820,0
2821,2
2822,0
2823,2
2824,2
2825,2
2826,2
2827,2
2828,1
2829,2
2830,0
2831,0
2832,1
2833,1
2834,1
2835,0
2836,0
2837,0
2838,0
2839,2
2840,1
2841,0
2842,2
2843,0
2844,2
2845,0
2846,2
2847,2
2848,2
2849,1
2850,2
2851,0
2852,1
2853,0
2854,2
2855,0
2856,0
2857,1
2858,2
2859,0
2860,0
2861,2
2862,1
2863,0
2864,0
2865,2
2866,0
2867,0
2868,1
2869,0
2870,1
2871,2
2872,0
2873,1
2874,2
2875,0
2876,1
2877,0
2878,0
2879,2
2880,1
2881,2
2882,0
2883,0
2884,2
2885,1
2886,2
2887,2
2888,2
2889,2
2890,0
2891,2
2892,1
2893,1
2894,0
2895,0
2896,2
2897,0
2898,0
2899,1
2900,2
2901,1
2902,1
2903,2
2904,0
2905,1
2906,2
2907,1
2908,1
2909,2
2910,2
2911,0
2912,1
2913,0
2914,1
2915,1
2916,0
2917,0
2918,1
2919,0
2920,2
2921,0
2922,0
2923,1
2924,0
2925,0
2926,1
2927,1
2928,1
2929,0
2930,1
2931,0
2932,2
2933,1
2934,1
2935,2
2936,0
2937,0
2938,0
2939,0
2940,2
2941,2
2942,0
2943,1
2944,0
2945,0
2946,0
2947,0
2948,1
2949,2
2950,0
2951,2
2952,1
2953,0
2954,0
2955,2
2956,1
2957,1
2958,2
2959,2
2960,2
2961,0
2962,2
2963,1
2964,1
2965,2
2966,1
2967,0
2968,1
2969,0
2970,2
2971,2
2972,2
2973,0
2974,1
2975,0
2976,2
2977,0
2978,1
2979,0
2980,0
2981,0
2982,2
2983,1
2984,0
2985,2
2986,0
2987,0
2988,2
2989,2
2990,2
2991,0
2992,0
2993,2
2994,2
2995,1
2996,2
2997,2
2998,1
2999,0
3000,0
3001,1
3002,0
3003,2
3004,0
3005,1
3006,0
3007,0
3008,2
3009,0
3010,2
3011,2
3012,0
3013,2
3014,2
3015,1
3016,1
3017,0
3018,0
3019,0
3020,0
3021,0
3022,0
3023,2
3024,1
3025,2
3026,1
3027,0
3028,2
3029,1
3030,2
3031,0
3032,0
3033,2
3034,0
3035,1
3036,0
3037,0
3038,0
3039,1
3040,2
3041,0
3042,1
3043,1
3044,0
3045,1
3046,0
3047,0
3048,1
3049,0
3050,0
3051,2
3052,1
3053,1
3054,0
3055,0
3056,0
3057,1
3058,1
3059,0
3060,2
3061,0
3062,2
3063,0
3064,0
3065,0
3066,1
3067,1
3068,0
3069,1
3070,2
3071,2
3072,0
3073,0
3074,1
3075,0
3076,1
3077,2
3078,2
3079,2
3080,2
3081,0
3082,0
3083,0
3084,0
3085,1
3086,1
3087,0
3088,1
3089,0
3090,1
3091,0
3092,1
3093,1
3094,1
3095,2
3096,2
3097,2
3098,0
3099,1
3100,1
3101,0
3102,2
3103,0
3104,0
3105,0
3106,1
3107,0
3108,0
3109,0
3110,1
3111,0
3112,0
3113,0
3114,0
3115,2
3116,1
3117,2
3118,0
3119,1
3120,0
3121,2
3122,0
3123,1
3124,1
3125,2
3126,0
3127,0
3128,0
3129,2
3130,1
3131,1
3132,1
3133,1
3134,2
3135,1
3136,0
3137,1
3138,2
3139,1
3140,2
3141,2
3142,1
3143,0
3144,1
3145,0
3146,2
3147,1
3148,1
3149,0
3150,0
3151,1
3152,1
3153,0
3154,0
3155,0
3156,0
3157,1
3158,0
3159,0
3160,1
3161,1
3162,1
3163,2
3164,0
3165,1
3166,0
3167,2
3168,0
3169,2
3170,0
3171,1
3172,0
3173,2
3174,0
3175,1
3176,0
3177,0
3178,0
3179,0
3180,1
3181,2
3182,2
3183,1
3184,1
3185,2
3186,2
3187,0
3188,0
3189,1
3190,0
3191,2
3192,0
3193,1
3194,0
3195,0
3196,0
3197,1
3198,1
3199,2
3200,2
3201,1
3202,1
3203,2
3204,1
3205,1
3206,2
3207,1
3208,0
3209,0
3210,1
3211,0
3212,2
3213,1
3214,0
3215,0
3216,0
3217,1
3218,2
3219,1
3220,1
3221,2
3222,1
3223,0
3224,1
3225,2
3226,2
3227,2
3228,0
3229,0
3230,0
3231,2
3232,0
3233,2
3234,1
3235,2
3236,1
3237,1
3238,2
3239,0
3240,1
3241,1
3242,0
3243,0
3244,0
3245,2
3246,2
3247,1
3248,1
3249,0
3250,2
3251,0
3252,0
3253,2
3254,2
3255,0
3256,2
3257,1
3258,0
3259,0
3260,2
3261,0
3262,1
3263,2
3264,1
3265,2
3266,0
3267,1
3268,0
3269,2
3270,0
3271,2
3272,0
3273,0
3274,2
3275,1
3276,0
3277,2
3278,0
3279,2
3280,1
3281,2
3282,0
3283,0
3284,0
3285,1
3286,2
3287,0
3288,1
3289,0
3290,2
3291,2
3292,1
3293,2
3294,0
3295,0
3296,1
3297,1
3298,1
3299,0
3300,0
3301,1
3302,1
3303,0
3304,1
3305,2
3306,0
3307,2
3308,0
3309,1
3310,0
3311,0
3312,0
3313,1
3314,2
3315,2
3316,2
3317,2
3318,2
3319,1
3320,1
3321,0
3322,2
3323,0
3324,1
3325,0
3326,1
3327,0
3328,0
3329,0
3330,2
3331,0
3332,0
3333,1
3334,2
3335,0
3336,0
3337,2
3338,1
3339,1
3340,0
3341,0
3342,2
3343,1
3344,1
3345,2
3346,1
3347,0
3348,0
3349,2
3350,0
3351,1
3352,0
3353,0
3354,1
3355,1
3356,2
3357,1
3358,2
3359,2
3360,0
3361,2
3362,0
3363,2
3364,2
3365,0
3366,2
3367,1
3368,2
3369,0
3370,2
3371,0
3372,0
3373,1
3374,0
3375,0
3376,2
3377,1
3378,2
3379,1
3380,1
3381,0
3382,1
3383,0
3384,0
3385,2
3386,0
3387,2
3388,1
3389,2
3390,0
3391,2
3392,0
3393,0
3394,0
3395,0
3396,2
3397,1
3398,0
3399,0
3400,0
3401,2
3402,0
3403,2
3404,0
3405,0
3406,0
3407,0
3408,2
3409,2
3410,0
3411,0
3412,2
3413,1
3414,2
3415,2
3416,0
3417,2
3418,0
3419,0
3420,1
3421,1
3422,1
3423,0
3424,1
3425,0
3426,2
3427,0
3428,1
3429,1
3430,1
3431,1
3432,1
3433,0
3434,1
3435,0
3436,0
3437,1
3438,1
3439,2
3440,2
3441,0
3442,2
3443,0
3444,1
3445,0
3446,0
3447,0
3448,2
3449,2
3450,2
3451,2
3452,2
3453,0
3454,2
3455,1
3456,0
3457,2
3458,0
3459,1
3460,1
3461,0
3462,0
3463,0
3464,2
3465,2
3466,2
3467,0
3468,1
3469,0
3470,0
3471,1
3472,1
3473,0
3474,0
3475,1
3476,2
3477,2
3478,2
3479,2
3480,0
3481,1
3482,0
3483,2
3484,0
3485,2
3486,2
3487,1
3488,0
3489,1
3490,0
3491,0
3492,0
3493,0
3494,0
3495,2
3496,0
3497,1
3498,0
3499,0
3500,2
3501,0
3502,0
3503,0
3504,0
3505,1
3506,0
3507,1
3508,0
3509,2
3510,1
3511,1
3512,0
3513,0
3514,1
3515,0
3516,2
3517,1
3518,2
3519,2
3520,2
3521,1
3522,0
3523,0
3524,0
3525,0
3526,0
3527,1
3528,1
3529,2
3530,1
3531,2
3532,1
3533,2
3534,2
3535,1
3536,0
3537,2
3538,2
3539,0
3540,0
3541,1
3542,0
3543,0
3544,2
3545,2
3546,0
3547,2
3548,0
3549,0
3550,2
3551,0
3552,1
3553,0
3554,2
3555,2
3556,1
3557,2
3558,2
3559,0
3560,0
3561,0
3562,0
3563,2
3564,0
3565,0
3566,0
3567,1
3568,0
3569,0
3570,0
3571,2
3572,0
3573,2
3574,1
3575,2
3576,2
3577,0
3578,2
3579,2
3580,0
3581,1
3582,1
3583,0
3584,0
3585,1
3586,0
3587,1
3588,1
3589,2
3590,0
3591,0
3592,2
3593,0
3594,0
3595,0
3596,1
3597,2
3598,2
3599,0
3600,1
3601,1
3602,2
3603,0
3604,2
3605,0
3606,2
3607,0
3608,0
3609,1
3610,1
3611,1
3612,1
3613,1
3614,1
3615,0
3616,2
3617,0
3618,0
3619,1
3620,2
3621,1
3622,2
3623,0
3624,1
3625,0
3626,1
3627,0
3628,2
3629,2
3630,1
3631,2
3632,1
3633,2
3634,0
3635,1
3636,1
3637,0
3638,1
3639,2
3640,1
3641,0
3642,0
3643,0
3644,0
3645,0
3646,0
3647,0
3648,0
3649,2
3650,2
3651,1
3652,1
3653,0
3654,1
3655,0
3656,2
3657,1
3658,2
3659,1
3660,0
3661,0
3662,1
3663,2
3664,2
3665,2
3666,1
3667,0
3668,2
3669,1
3670,0
3671,1
3672,0
3673,2
3674,0
3675,1
3676,1
3677,1
3678,2
3679,0
3680,0
3681,2
3682,0
3683,1
3684,0
3685,0
3686,0
3687,1
3688,0
3689,1
3690,1
3691,0
3692,0
3693,0
3694,2
3695,2
3696,0
3697,2
3698,0
3699,2
3700,2
3701,1
3702,0
3703,2
3704,0
3705,0
3706,0
3707,0
3708,2
3709,1
3710,1
3711,0
3712,0
3713,0
3714,2
3715,1
3716,0
3717,1
3718,2
3719,1
3720,0
3721,0
3722,0
3723,1
3724,2
3725,0
3726,2
3727,1
3728,2
3729,2
3730,0
3731,2
3732,1
3733,0
3734,0
3735,0
3736,0
3737,1
3738,1
3739,1
3740,0
3741,0
3742,2
3743,1
3744,0
3745,0
3746,2
3747,0
3748,0
3749,0
3750,2
3751,2
3752,2
3753,0
3754,1
3755,0
3756,2
3757,2
3758,0
3759,2
3760,0
3761,1
3762,0
3763,2
3764,0
3765,0
3766,0
3767,2
3768,2
3769,0
3770,1
3771,0
3772,2
3773,0
3774,1
3775,2
3776,0
3777,1
3778,1
3779,0
3780,0
3781,0
3782,1
3783,2
3784,1
3785,0
3786,0
3787,0
3788,1
3789,0
3790,1
3791,0
3792,1
3793,2
3794,2
3795,0
3796,0
3797,1
3798,0
3799,1
3800,0
3801,2
3802,0
3803,1
3804,0
3805,1
3806,1
3807,1
3808,1
3809,1
3810,0
3811,1
3812,0
3813,1
3814,2
3815,0
3816,1
3817,1
3818,1
3819,1
3820,1
3821,1
3822,2
3823,0
3824,0
3825,2
3826,0
3827,1
3828,0
3829,1
3830,1
3831,1
3832,2
3833,2
3834,1
3835,1
3836,2
3837,1
3838,0
3839,1
3840,2
3841,1
3842,0
3843,2
3844,1
3845,0
3846,0
3847,1
3848,0
3849,2
3850,1
3851,2
3852,2
3853,0
3854,0
3855,1
3856,2
3857,1
3858,0
3859,2
3860,0
3861,1
3862,0
3863,1
3864,1
3865,2
3866,0
3867,0
3868,0
3869,2
3870,0
3871,0
3872,1
3873,0
3874,1
3875,1
3876,1
3877,0
3878,2
3879,1
3880,0
3881,1
3882,0
3883,1
3884,1
3885,0
3886,2
3887,1
3888,0
3889,0
3890,1
3891,0
3892,0
3893,0
3894,0
3895,0
3896,2
3897,1
3898,0
3899,0
3900,2
3901,0
3902,1
3903,1
3904,2
3905,0
3906,0
3907,2
3908,0
3909,1
3910,0
3911,1
3912,2
3913,0
3914,1
3915,0
3916,0
3917,2
3918,0
3919,2
3920,0
3921,1
3922,1
3923,1
3924,0
3925,2
3926,0
3927,2
3928,1
3929,2
3930,1
3931,1
3932,2
3933,2
3934,1
3935,0
3936,1
3937,0
3938,0
3939,2
3940,2
3941,2
3942,0
3943,2
3944,0
3945,2
3946,2
3947,2
3948,0
3949,0
3950,1
3951,0
3952,1
3953,1
3954,2
3955,2
3956,1
3957,1
3958,0
3959,0
3960,0
3961,1
3962,1
3963,0
3964,0
3965,2
3966,1
3967,0
3968,2
3969,1
3970,1
3971,0
3972,0
3973,0
3974,2
3975,0
3976,2
3977,0
3978,0
3979,0
3980,2
3981,0
3982,0
3983,1
3984,2
3985,1
3986,0
3987,1
3988,0
3989,0
3990,0
3991,1
3992,2
3993,2
3994,2
3995,0
3996,0
3997,0
3998,1
3999,1
4000,1
4001,0
4002,2
4003,0
4004,2
4005,0
4006,2
4007,0
4008,0
4009,0
4010,0
4011,1
4012,1
4013,1
4014,0
4015,0
4016,1
4017,0
4018,0
4019,0
4020,0
4021,0
4022,2
4023,0
4024,0
4025,2
4026,0
4027,0
4028,0
4029,0
4030,1
4031,1
4032,1
4033,0
4034,2
4035,2
4036,2
4037,1
4038,1
4039,0
4040,0
4041,1
4042,1
4043,0
4044,1
4045,0
4046,1
4047,2
4048,1
4049,1
4050,2
4051,0
4052,0
4053,0
4054,1
4055,0
4056,0
4057,1
4058,0
4059,1
4060,0
4061,2
4062,1
4063,1
4064,0
4065,0
4066,0
4067,0
4068,1
4069,0
4070,1
4071,1
4072,1
4073,0
4074,1
4075,1
4076,0
4077,0
4078,0
4079,2
4080,1
4081,0
4082,0
4083,1
4084,1
4085,0
4086,1
4087,1
4088,0
4089,0
4090,1
4091,0
4092,1
4093,0
4094,2
4095,1
4096,2
4097,2
4098,1
4099,0
4100,2
4101,0
4102,0
4103,0
4104,0
4105,1
4106,0
4107,2
4108,1
4109,0
4110,1
4111,0
4112,0
4113,1
4114,0
4115,2
4116,0
4117,2
4118,1
4119,1
4120,1
4121,0
4122,0
4123,2
4124,0
4125,0
4126,2
4127,0
4128,1
4129,0
4130,0
4131,0
4132,2
4133,2
4134,1
4135,2
4136,0
4137,0
4138,0
4139,1
4140,0
4141,1
4142,1
4143,2
4144,0
4145,1
4146,0
4147,2
4148,0
4149,0
4150,1
4151,1
4152,0
4153,0
4154,0
4155,1
4156,1
4157,0
4158,1
4159,0
4160,2
4161,2
4162,2
4163,0
4164,2
4165,0
4166,0
4167,1
4168,2
4169,2
4170,2
4171,0
4172,0
4173,2
4174,0
4175,0
4176,1
4177,0
4178,2
4179,1
4180,2
4181,1
4182,0
4183,2
4184,1
4185,2
4186,0
4187,0
4188,0
4189,1
4190,0
4191,0
4192,0
4193,2
4194,0
4195,0
4196,0
4197,2
4198,2
4199,0
4200,0
4201,1
4202,0
4203,2
4204,0
4205,1
4206,0
4207,1
4208,0
4209,0
4210,2
4211,1
4212,1
4213,2
4214,2
4215,0
4216,1
4217,0
4218,2
4219,2
4220,2
4221,0
4222,2
4223,0
4224,1
4225,1
4226,0
4227,1
4228,1
4229,1
4230,1
4231,0
4232,0
4233,2
4234,2
4235,2
4236,0
4237,1
4238,0
4239,2
4240,1
4241,1
4242,0
4243,1
4244,2
4245,2
4246,2
4247,2
4248,0
4249,0
4250,1
4251,1
4252,0
4253,2
4254,0
4255,0
4256,0
4257,1
4258,0
4259,0
4260,1
4261,0
4262,1
4263,1
4264,1
4265,0
4266,2
4267,1
4268,1
4269,0
4270,0
4271,0
4272,1
4273,2
4274,0
4275,2
4276,0
4277,0
4278,0
4279,2
4280,1
4281,1
4282,1
4283,1
4284,1
4285,0
4286,0
4287,0
4288,1
4289,0
4290,0
4291,1
4292,2
4293,0
4294,1
4295,0
4296,0
4297,0
4298,0
4299,0
4300,0
4301,0
4302,0
4303,2
4304,0
4305,0
4306,1
4307,2
4308,0
4309,0
4310,1
4311,0
4312,0
4313,0
4314,0
4315,2
4316,0
4317,0
4318,0
4319,2
4320,1
4321,1
4322,1
4323,1
4324,2
4325,2
4326,0
4327,1
4328,0
4329,2
4330,1
4331,0
4332,0
4333,2
4334,0
4335,2
4336,0
4337,0
4338,2
4339,2
4340,1
4341,0
4342,0
4343,0
4344,0
4345,0
4346,1
4347,2
4348,0
4349,0
4350,0
4351,1
4352,0
4353,0
4354,0
4355,1
4356,0
4357,0
4358,2
4359,0
4360,2
4361,1
4362,2
4363,1
4364,0
4365,0
4366,1
4367,2
4368,0
4369,0
4370,1
4371,0
4372,1
4373,0
4374,0
4375,1
4376,0
4377,0
4378,0
4379,1
4380,0
4381,1
4382,1
4383,0
4384,1
4385,0
4386,2
4387,0
4388,1
4389,0
4390,2
4391,0
4392,1
4393,0
4394,1
4395,1
4396,2
4397,2
4398,1
4399,0
4400,1
4401,1
4402,1
4403,0
4404,2
4405,2
4406,1
4407,2
4408,1
4409,0
4410,0
4411,2
4412,1
4413,1
4414,0
4415,1
4416,2
4417,0
4418,1
4419,1
4420,0
4421,1
4422,1
4423,0
4424,0
4425,0
4426,0
4427,0
4428,0
4429,1
4430,0
4431,0
4432,0
4433,0
4434,1
4435,2
4436,0
4437,0
4438,1
4439,0
4440,1
4441,1
4442,0
4443,2
4444,2
4445,2
4446,0
4447,1
4448,1
4449,1
4450,0
4451,2
4452,2
4453,0
4454,0
4455,0
4456,0
4457,0
4458,0
4459,0
4460,2
4461,0
4462,2
4463,2
4464,1
4465,0
4466,0
4467,0
4468,0
4469,1
4470,0
4471,0
4472,1
4473,1
4474,2
4475,2
4476,1
4477,1
4478,2
4479,1
4480,0
4481,1
4482,0
4483,0
4484,0
4485,2
4486,1
4487,0
4488,0
4489,1
4490,1
4491,0
4492,2
4493,0
4494,2
4495,2
4496,0
4497,1
4498,1
4499,2
4500,2
4501,1
4502,0
4503,2
4504,1
4505,2
4506,0
4507,1
4508,2
4509,0
4510,1
4511,1
4512,1
4513,0
4514,2
4515,2
4516,2
4517,0
4518,0
4519,0
4520,0
4521,0
4522,2
4523,0
4524,0
4525,0
4526,1
4527,0
4528,1
4529,0
4530,2
4531,1
4532,0
4533,0
4534,1
4535,2
4536,0
4537,0
4538,2
4539,0
4540,0
4541,0
4542,1
4543,1
4544,1
4545,0
4546,2
4547,0
4548,1
4549,1
4550,1
4551,0
4552,2
4553,1
4554,0
4555,0
4556,0
4557,2
4558,1
4559,0
4560,1
4561,2
4562,1
4563,1
4564,0
4565,0
4566,0
4567,0
4568,1
4569,2
4570,2
4571,2
4572,0
4573,2
4574,0
4575,0
4576,0
4577,0
4578,0
4579,0
4580,0
4581,2
4582,2
4583,0
4584,0
4585,1
4586,2
4587,0
4588,1
4589,2
4590,1
4591,2
4592,2
4593,1
4594,0
4595,0
4596,0
4597,2
4598,2
4599,0
4600,0
4601,0
4602,1
4603,1
4604,0
4605,0
4606,0
4607,0
4608,1
4609,0
4610,0
4611,0
4612,0
4613,1
4614,0
4615,2
4616,0
4617,2
4618,2
4619,1
4620,0
4621,1
4622,0
4623,0
4624,0
4625,2
4626,0
4627,0
4628,0
4629,0
4630,1
4631,1
4632,0
4633,2
4634,2
4635,0
4636,0
4637,0
4638,1
4639,2
4640,1
4641,0
4642,2
4643,2
4644,1
4645,1
4646,0
4647,0
4648,1
4649,1
4650,1
4651,0
4652,0
4653,0
4654,1
4655,2
4656,0
4657,0
4658,2
4659,0
4660,2
4661,0
4662,0
4663,2
4664,0
4665,1
4666,0
4667,2
4668,0
4669,0
4670,1
4671,2
4672,0
4673,0
4674,0
4675,0
4676,2
4677,0
4678,1
4679,0
4680,2
4681,1
4682,0
4683,0
4684,2
4685,0
4686,2
4687,2
4688,1
4689,0
4690,0
4691,1
4692,2
4693,0
4694,0
4695,1
4696,0
4697,2
4698,0
4699,2
4700,0
4701,2
4702,2
4703,2
4704,1
4705,1
4706,0
4707,0
4708,1
4709,0
4710,0
4711,2
4712,1
4713,0
4714,1
4715,0
4716,0
4717,0
4718,0
4719,0
4720,1
4721,0
4722,2
4723,1
4724,0
4725,0
4726,0
4727,1
4728,0
4729,1
4730,2
4731,1
4732,1
4733,2
4734,1
4735,1
4736,0
4737,0
4738,1
4739,0
4740,2
4741,0
4742,2
4743,0
4744,0
4745,0
4746,2
4747,1
4748,2
4749,2
4750,2
4751,2
4752,2
4753,2
4754,2
4755,1
4756,0
4757,0
4758,2
4759,1
4760,0
4761,0
4762,0
4763,0
4764,0
4765,2
4766,1
4767,1
4768,2
4769,2
4770,2
4771,1
4772,2
4773,1
4774,0
4775,1
4776,0
4777,1
4778,0
4779,0
4780,1
4781,0
4782,1
4783,1
4784,1
4785,1
4786,0
4787,0
4788,0
4789,0
4790,0
4791,0
4792,0
4793,0
4794,2
4795,0
4796,0
4797,2
4798,0
4799,0
4800,1
4801,1
4802,0
4803,1
4804,0
4805,2
4806,2
4807,2
4808,0
4809,0
4810,1
4811,0
4812,2
4813,0
4814,2
4815,0
4816,1
4817,0
4818,0
4819,0
4820,0
4821,1
4822,1
4823,0
4824,1
4825,1
4826,1
4827,0
4828,0
4829,2
4830,2
4831,1
4832,2
4833,1
4834,1
4835,0
4836,0
4837,0
4838,0
4839,0
4840,0
4841,2
4842,1
4843,0
4844,0
4845,0
4846,0
4847,0
4848,2
4849,0
4850,1
4851,1
4852,0
4853,1
4854,0
4855,2
4856,1
4857,2
4858,0
4859,0
4860,0
4861,0
4862,0
4863,1
4864,0
4865,2
4866,0
4867,1
4868,0
4869,1
4870,1
4871,0
4872,0
4873,0
4874,0
4875,2
4876,0
4877,0
4878,2
4879,1
4880,1
4881,2
4882,0
4883,0
4884,0
4885,1
4886,1
4887,1
4888,1
4889,1
4890,2
4891,0
4892,0
4893,1
4894,2
4895,0
4896,2
4897,1
4898,0
4899,0
4900,1
4901,2
4902,2
4903,1
4904,1
4905,1
4906,0
4907,2
4908,0
4909,0
4910,0
4911,2
4912,0
4913,2
4914,2
4915,1
4916,1
4917,1
4918,0
4919,1
4920,0
4921,0
4922,1
4923,2
4924,0
4925,0
4926,1
4927,1
4928,0
4929,1
4930,0
4931,2
4932,1
4933,2
4934,2
4935,1
4936,2
4937,0
4938,2
4939,0
4940,2
4941,2
4942,0
4943,1
4944,1
4945,0
4946,1
4947,0
4948,2
4949,0
4950,1
4951,0
4952,1
4953,2
4954,2
4955,0
4956,0
4957,0
4958,1
4959,0
4960,2
4961,0
4962,1
4963,1
4964,1
4965,2
4966,0
4967,2
4968,2
4969,0
4970,0
4971,0
4972,2
4973,0
4974,0
4975,0
4976,1
4977,1
4978,2
4979,0
4980,0
4981,2
4982,0
4983,0
4984,0
4985,0
4986,0
4987,1
4988,0
4989,0
4990,2
4991,0
4992,1
4993,1
4994,1
4995,0
4996,1
4997,0
4998,0
4999,1
5000,0
5001,0
5002,1
5003,0
5004,1
5005,1
5006,0
5007,0
5008,2
5009,2
5010,2
5011,0
5012,2
5013,1
5014,0
5015,2
5016,2
5017,2
5018,0
5019,2
5020,0
5021,0
5022,0
5023,2
5024,0
5025,2
5026,0
5027,2
5028,1
5029,2
5030,1
5031,1
5032,0
5033,2
5034,0
5035,0
5036,0
5037,0
5038,1
5039,2
5040,0
5041,0
5042,1
5043,1
5044,1
5045,0
5046,0
5047,2
5048,2
5049,1
5050,1
5051,2
5052,0
5053,0
5054,2
5055,2
5056,0
5057,1
5058,0
5059,2
5060,1
5061,0
5062,1
5063,0
5064,1
5065,0
5066,2
5067,2
5068,0
5069,0
5070,0
5071,1
5072,2
5073,0
5074,0
5075,0
5076,2
5077,2
5078,2
5079,1
5080,0
5081,0
5082,1
5083,1
5084,2
5085,1
5086,0
5087,0
5088,2
5089,2
5090,0
5091,1
5092,0
5093,1
5094,0
5095,1
5096,1
5097,0
5098,0
5099,0
5100,0
5101,0
5102,1
5103,2
5104,0
5105,2
5106,2
5107,2
5108,0
5109,0
5110,2
5111,0
5112,2
5113,0
5114,1
5115,2
5116,0
5117,0
5118,1
5119,2
5120,0
5121,2
5122,0
5123,1
5124,2
5125,0
5126,1
5127,1
5128,0
5129,0
5130,2
5131,0
5132,2
5133,1
5134,0
5135,1
5136,2
5137,0
5138,2
5139,2
5140,0
5141,1
5142,1
5143,2
5144,0
5145,0
5146,2
5147,0
5148,2
5149,2
5150,1
5151,1
5152,2
5153,0
5154,2
5155,0
5156,2
5157,0
5158,2
5159,2
5160,2
5161,1
5162,0
5163,1
5164,0
5165,2
5166,2
5167,1
5168,1
5169,0
5170,1
5171,2
5172,0
5173,0
5174,2
5175,2
5176,0
5177,0
5178,1
5179,0
5180,2
5181,1
5182,2
5183,0
5184,0
5185,0
5186,0
5187,2
5188,0
5189,0
5190,0
5191,0
5192,1
5193,1
5194,1
5195,1
5196,0
5197,2
5198,0
5199,0
5200,1
5201,1
5202,1
5203,0
5204,1
5205,0
5206,0
5207,2
5208,0
5209,0
5210,1
5211,0
5212,0
5213,1
5214,1
5215,2
5216,0
5217,0
5218,0
5219,0
5220,2
5221,0
5222,0
5223,0
5224,0
5225,0
5226,0
5227,0
5228,2
5229,2
5230,0
5231,2
5232,1
5233,0
5234,1
5235,0
5236,0
5237,2
5238,0
5239,2
5240,1
5241,0
5242,2
5243,0
5244,2
5245,1
5246,0
5247,1
5248,1
5249,0
5250,0
5251,0
5252,1
5253,0
5254,0
5255,0
5256,2
5257,1
5258,0
5259,1
5260,0
5261,2
5262,1
5263,1
5264,1
5265,2
5266,0
5267,0
5268,1
5269,0
5270,1
5271,0
5272,2
5273,2
5274,0
5275,1
5276,2
5277,2
5278,1
5279,2
5280,1
5281,0
5282,1
5283,1
5284,1
5285,2
5286,2
5287,2
5288,2
5289,1
5290,2
5291,1
5292,0
5293,1
5294,2
5295,2
5296,0
5297,0
5298,0
5299,1
5300,1
5301,0
5302,2
5303,2
5304,2
5305,0
5306,1
5307,1
5308,1
5309,0
5310,0
5311,2
5312,2
5313,0
5314,0
5315,0
5316,2
5317,0
5318,1
5319,0
5320,2
5321,2
5322,0
5323,2
5324,0
5325,1
5326,2
5327,2
5328,0
5329,0
5330,1
5331,1
5332,1
5333,1
5334,0
5335,0
5336,0
5337,2
5338,2
5339,1
5340,0
5341,1
5342,0
5343,2
5344,2
5345,0
5346,1
5347,0
5348,1
5349,2
5350,1
5351,0
5352,1
5353,2
5354,0
5355,0
5356,0
5357,0
5358,1
5359,0
5360,0
5361,1
5362,2
5363,0
5364,0
5365,2
5366,0
5367,2
5368,0
5369,0
5370,2
5371,0
5372,0
5373,0
5374,1
5375,2
5376,1
5377,1
5378,1
5379,0
5380,0
5381,0
5382,1
5383,1
5384,2
5385,0
5386,2
5387,1
5388,0
5389,0
5390,1
5391,2
5392,0
5393,0
5394,0
5395,2
5396,2
5397,0
5398,0
5399,1
5400,0
5401,1
5402,1
5403,2
5404,0
5405,1
5406,1
5407,2
5408,2
5409,1
5410,2
5411,2
5412,1
5413,1
5414,2
5415,1
5416,2
5417,2
5418,0
5419,0
5420,1
5421,1
5422,2
5423,0
5424,1
5425,1
5426,0
5427,1
5428,2
5429,2
5430,1
5431,1
5432,2
5433,2
5434,0
5435,0
5436,1
5437,0
5438,1
5439,1
5440,1
5441,0
5442,0
5443,0
5444,0
5445,0
5446,0
5447,0
5448,1
5449,1
5450,1
5451,0
5452,0
5453,0
5454,0
5455,2
5456,2
5457,0
5458,2
5459,0
5460,0
5461,1
5462,0
5463,0
5464,0
5465,0
5466,0
5467,0
5468,1
5469,2
5470,2
5471,1
5472,0
5473,0
5474,0
5475,0
5476,0
5477,0
5478,1
5479,0
5480,1
5481,0
5482,1
5483,1
5484,1
5485,2
5486,0
5487,0
5488,0
5489,1
5490,0
5491,1
5492,0
5493,1
5494,1
5495,2
5496,2
5497,0
5498,1
5499,2
5500,0
5501,2
5502,0
5503,1
5504,0
5505,2
5506,1
5507,0
5508,1
5509,1
5510,0
5511,0
5512,1
5513,0
5514,1
5515,0
5516,0
5517,1
5518,0
5519,0
5520,0
5521,2
5522,0
5523,1
5524,0
5525,0
5526,1
5527,0
5528,0
5529,0
5530,1
5531,0
5532,1
5533,2
5534,0
5535,0
5536,0
5537,0
5538,2
5539,1
5540,2
5541,2
5542,0
5543,0
5544,0
5545,0
5546,0
5547,0
5548,0
5549,0
5550,0
5551,0
5552,0
5553,0
5554,2
5555,1
5556,1
5557,2
5558,2
5559,0
5560,1
5561,0
5562,1
5563,1
5564,2
5565,1
5566,2
5567,2
5568,1
5569,0
5570,0
5571,1
5572,1
5573,0
5574,1
5575,2
5576,0
5577,1
5578,1
5579,2
5580,2
5581,1
5582,1
5583,2
5584,1
5585,0
5586,0
5587,2
5588,1
5589,0
5590,1
5591,1
5592,2
5593,1
5594,0
5595,1
5596,2
5597,1
5598,0
5599,0
5600,0
5601,0
5602,0
5603,0
5604,2
5605,1
5606,0
5607,2
5608,0
5609,0
5610,0
5611,1
5612,0
5613,0
5614,0
5615,0
5616,0
5617,1
5618,0
5619,0
5620,0
5621,1
5622,0
5623,0
5624,2
5625,1
5626,0
5627,1
5628,2
5629,1
5630,1
5631,0
5632,0
5633,0
5634,0
5635,0
5636,1
5637,0
5638,2
5639,1
5640,1
5641,1
5642,1
5643,2
5644,0
5645,2
5646,0
5647,0
5648,0
5649,2
5650,0
5651,2
5652,0
5653,2
5654,0
5655,1
5656,2
5657,2
5658,2
5659,1
5660,1
5661,1
5662,2
5663,1
5664,1
5665,0
5666,0
5667,0
5668,2
5669,0
5670,1
5671,0
5672,2
5673,1
5674,2
5675,0
5676,0
5677,1
5678,0
5679,0
5680,2
5681,2
5682,0
5683,0
5684,2
5685,0
5686,2
5687,0
5688,0
5689,1
5690,0
5691,0
5692,2
5693,2
5694,0
5695,2
5696,2
5697,1
5698,1
5699,2
5700,1
5701,2
5702,0
5703,0
5704,1
5705,2
5706,0
5707,1
5708,0
5709,1
5710,0
5711,1
5712,0
5713,1
5714,1
5715,0
5716,0
5717,1
5718,0
5719,1
5720,2
5721,0
5722,1
5723,0
5724,1
5725,1
5726,1
5727,2
5728,1
5729,0
5730,0
5731,0
5732,0
5733,2
5734,0
5735,1
5736,2
5737,0
5738,0
5739,2
5740,1
5741,1
5742,2
5743,0
5744,0
5745,1
5746,1
5747,0
5748,0
5749,0
5750,1
5751,1
5752,2
5753,0
5754,1
5755,0
5756,0
5757,0
5758,1
5759,0
5760,2
5761,1
5762,0
5763,0
5764,0
5765,0
5766,1
5767,0
5768,0
5769,0
5770,0
5771,2
5772,1
5773,1
5774,0
5775,0
5776,0
5777,2
5778,0
5779,0
5780,2
5781,0
5782,1
5783,0
5784,2
5785,0
5786,0
5787,0
5788,0
5789,0
5790,0
5791,0
5792,0
5793,1
5794,1
5795,1
5796,2
5797,1
5798,2
5799,1
5800,0
5801,0
5802,0
5803,1
5804,2
5805,1
5806,2
5807,0
5808,2
5809,0
5810,0
5811,1
5812,0
5813,0
5814,0
5815,0
5816,2
5817,0
5818,0
5819,1
5820,0
5821,1
5822,1
5823,0
5824,0
5825,2
5826,1
5827,0
5828,0
5829,0
5830,1
5831,0
5832,2
5833,0
5834,1
5835,0
5836,0
5837,1
5838,1
5839,2
5840,0
5841,1
5842,0
5843,0
5844,1
5845,2
5846,2
5847,1
5848,1
5849,2
5850,0
5851,0
5852,2
5853,0
5854,2
5855,0
5856,1
5857,0
5858,2
5859,1
5860,0
5861,2
5862,0
5863,0
5864,0
5865,2
5866,2
5867,1
5868,1
5869,0
5870,0
5871,0
5872,0
5873,0
5874,0
5875,0
5876,1
5877,1
5878,0
5879,0
5880,0
5881,0
5882,0
5883,1
5884,1
5885,0
5886,0
5887,0
5888,0
5889,2
5890,0
5891,0
5892,0
5893,0
5894,0
5895,0
5896,0
5897,1
5898,0
5899,1
5900,1
5901,0
5902,0
5903,1
5904,1
5905,2
5906,0
5907,0
5908,0
5909,0
5910,2
5911,2
5912,0
5913,1
5914,0
5915,1
5916,0
5917,2
5918,2
5919,0
5920,1
5921,1
5922,2
5923,0
5924,0
5925,2
5926,0
5927,1
5928,0
5929,1
5930,2
5931,0
5932,1
5933,2
5934,2
5935,0
5936,0
5937,0
5938,1
5939,0
5940,0
5941,0
5942,0
5943,0
5944,2
5945,0
5946,2
5947,2
5948,0
5949,2
5950,0
5951,2
5952,0
5953,0
5954,1
5955,2
5956,0
5957,2
5958,2
5959,1
5960,0
5961,0
5962,0
5963,1
5964,0
5965,0
5966,1
5967,1
5968,1
5969,1
5970,0
5971,2
5972,1
5973,0
5974,0
5975,0
5976,2
5977,2
5978,2
5979,2
5980,1
5981,0
5982,1
5983,0
5984,0
5985,0
5986,0
5987,0
5988,0
5989,0
5990,2
5991,0
5992,1
5993,1
5994,0
5995,2
5996,0
5997,0
5998,1
5999,1
6000,0
6001,1
6002,0
6003,1
6004,2
6005,0
6006,2
6007,2
6008,0
6009,0
6010,1
6011,1
6012,0
6013,2
6014,0
6015,0
6016,2
6017,2
6018,1
6019,1
6020,2
6021,0
6022,1
6023,1
6024,2
6025,1
6026,0
6027,2
6028,1
6029,0
6030,1
6031,1
6032,2
6033,1
6034,2
6035,1
6036,2
6037,1
6038,0
6039,1
6040,1
6041,1
6042,1
6043,0
6044,2
6045,0
6046,0
6047,1
6048,0
6049,0
6050,0
6051,2
6052,0
6053,0
6054,1
6055,0
6056,1
6057,1
6058,1
6059,1
6060,2
6061,2
6062,2
6063,0
6064,0
6065,0
6066,2
6067,0
6068,0
6069,1
6070,1
6071,1
6072,1
6073,2
6074,0
6075,0
6076,0
6077,1
6078,1
6079,2
6080,0
6081,1
6082,1
6083,2
6084,2
6085,0
6086,2
6087,0
6088,1
6089,0
6090,0
6091,0
6092,2
6093,1
6094,0
6095,1
6096,1
6097,2
6098,0
6099,1
6100,0
6101,0
6102,1
6103,0
6104,0
6105,2
6106,0
6107,2
6108,0
6109,0
6110,0
6111,0
6112,0
6113,0
6114,2
6115,0
6116,2
6117,2
6118,0
6119,1
6120,0
6121,0
6122,1
6123,0
6124,2
6125,0
6126,2
6127,1
6128,1
6129,2
6130,0
6131,2
6132,1
6133,2
6134,0
6135,1
6136,0
6137,0
6138,1
6139,0
6140,1
6141,2
6142,1
6143,0
6144,2
6145,1
6146,2
6147,0
6148,0
6149,1
6150,0
6151,2
6152,1
6153,0
6154,1
6155,0
6156,0
6157,0
6158,1
6159,1
6160,0
6161,0
6162,1
6163,0
6164,1
6165,1
6166,0
6167,2
6168,0
6169,2
6170,1
6171,0
6172,0
6173,0
6174,1
6175,1
6176,0
6177,0
6178,1
6179,1
6180,1
6181,1
6182,0
6183,0
6184,1
6185,0
6186,0
6187,1
6188,1
6189,1
6190,1
6191,2
6192,1
6193,1
6194,0
6195,1
6196,2
6197,2
6198,0
6199,1
6200,0
6201,1
6202,0
6203,1
6204,0
6205,1
6206,0
6207,0
6208,0
6209,1
6210,0
6211,0
6212,2
6213,0
6214,1
6215,1
6216,2
6217,2
6218,2
6219,1
6220,0
6221,0
6222,2
6223,2
6224,0
6225,0
6226,0
6227,1
6228,0
6229,0
6230,1
6231,1
6232,0
6233,2
6234,0
6235,0
6236,2
6237,1
6238,2
6239,2
6240,0
6241,0
6242,1
6243,0
6244,0
6245,2
6246,2
6247,0
6248,1
6249,2
6250,0
6251,1
6252,0
6253,2
6254,1
6255,2
6256,2
6257,0
6258,0
6259,0
6260,0
6261,2
6262,2
6263,1
6264,0
6265,0
6266,2
6267,1
6268,0
6269,2
6270,2
6271,1
6272,2
6273,0
6274,0
6275,1
6276,1
6277,0
6278,2
6279,0
6280,1
6281,2
6282,0
6283,0
6284,1
6285,2
6286,0
6287,1
6288,0
6289,0
6290,0
6291,2
6292,0
6293,1
6294,2
6295,2
6296,0
6297,0
6298,1
6299,0
6300,1
6301,0
6302,2
6303,1
6304,1
6305,0
6306,0
6307,0
6308,2
6309,0
6310,1
6311,2
6312,2
6313,1
6314,2
6315,0
6316,1
6317,1
6318,0
6319,2
6320,0
6321,0
6322,0
6323,2
6324,0
6325,0
6326,0
6327,1
6328,0
6329,2
6330,0
6331,0
6332,0
6333,0
6334,2
6335,0
6336,2
6337,2
6338,2
6339,1
6340,1
6341,0
6342,0
6343,1
6344,2
6345,2
6346,0
6347,0
6348,2
6349,1
6350,2
6351,2
6352,0
6353,2
6354,0
6355,0
6356,2
6357,0
6358,0
6359,0
6360,0
6361,0
6362,1
6363,0
6364,1
6365,2
6366,1
6367,1
6368,0
6369,0
6370,0
6371,1
6372,1
6373,0
6374,2
6375,2
6376,0
6377,2
6378,1
6379,2
6380,2
6381,1
6382,2
6383,0
6384,1
6385,1
6386,0
6387,2
6388,2
6389,0
6390,0
6391,0
6392,0
6393,2
6394,1
6395,1
6396,2
6397,0
6398,1
6399,1
6400,1
6401,1
6402,1
6403,0
6404,1
6405,0
6406,0
6407,0
6408,0
6409,0
6410,1
6411,0
6412,2
6413,0
6414,2
6415,2
6416,0
6417,1
6418,0
6419,0
6420,0
6421,0
6422,0
6423,0
6424,0
6425,0
6426,0
6427,1
6428,0
6429,1
6430,2
6431,0
6432,0
6433,1
6434,0
6435,1
6436,1
6437,1
6438,1
6439,2
6440,1
6441,0
6442,1
6443,2
6444,0
6445,1
6446,1
6447,0
6448,2
6449,0
6450,0
6451,1
6452,0
6453,0
6454,1
6455,0
6456,1
6457,2
6458,1
6459,0
6460,1
6461,0
6462,0
6463,0
6464,0
6465,0
6466,2
6467,0
6468,0
6469,0
6470,2
6471,0
6472,0
6473,0
6474,0
6475,0
6476,0
6477,1
6478,0
6479,0
6480,1
6481,1
6482,1
6483,0
6484,1
6485,2
6486,2
6487,2
6488,0
6489,0
6490,0
6491,1
6492,0
6493,0
6494,2
6495,0
6496,0
6497,2
6498,1
6499,0
6500,1
6501,2
6502,0
6503,0
6504,1
6505,0
6506,1
6507,2
6508,1
6509,2
6510,0
6511,0
6512,1
6513,0
6514,1
6515,1
6516,0
6517,2
6518,1
6519,1
6520,0
6521,1
6522,0
6523,1
6524,2
6525,0
6526,2
6527,0
6528,0
6529,1
6530,0
6531,2
6532,0
6533,0
6534,2
6535,2
6536,1
6537,1
6538,0
6539,1
6540,2
6541,1
6542,0
6543,2
6544,1
6545,0
6546,0
6547,0
6548,0
6549,0
6550,2
6551,0
6552,1
6553,0
6554,0
6555,2
6556,0
6557,2
6558,0
6559,1
6560,2
6561,2
6562,0
6563,2
6564,1
6565,1
6566,1
6567,2
6568,1
6569,1
6570,0
6571,1
6572,0
6573,0
6574,2
6575,0
6576,1
6577,1
6578,2
6579,2
6580,0
6581,2
6582,0
6583,0
6584,0
6585,0
6586,0
6587,2
6588,1
6589,1
6590,0
6591,2
6592,0
6593,2
6594,0
6595,1
6596,0
6597,1
6598,0
6599,0
6600,2
6601,0
6602,2
6603,2
6604,0
6605,0
6606,1
6607,0
6608,1
6609,1
6610,2
6611,1
6612,2
6613,0
6614,0
6615,2
6616,1
6617,0
6618,2
6619,1
6620,2
6621,1
6622,0
6623,1
6624,1
6625,0
6626,1
6627,1
6628,1
6629,0
6630,2
6631,1
6632,0
6633,1
6634,0
6635,0
6636,0
6637,1
6638,0
6639,0
6640,0
6641,2
6642,0
6643,1
6644,1
6645,0
6646,2
6647,0
6648,2
6649,0
6650,0
6651,2
6652,0
6653,0
6654,1
6655,2
6656,1
6657,0
6658,2
6659,2
6660,1
6661,0
6662,1
6663,1
6664,0
6665,2
6666,0
6667,0
6668,0
6669,1
6670,0
6671,0
6672,1
6673,0
6674,0
6675,1
6676,0
6677,0
6678,2
6679,1
6680,1
6681,1
6682,1
6683,2
6684,2
6685,1
6686,0
6687,0
6688,1
6689,2
6690,0
6691,2
6692,0
6693,0
6694,0
6695,1
6696,0
6697,0
6698,2
6699,0
6700,0
6701,2
6702,0
6703,1
6704,1
6705,1
6706,1
6707,0
6708,1
6709,1
6710,0
6711,2
6712,2
6713,2
6714,0
6715,0
6716,1
6717,0
6718,1
6719,0
6720,2
6721,2
6722,0
6723,2
6724,1
6725,1
6726,0
6727,2
6728,1
6729,2
6730,0
6731,0
6732,0
6733,2
6734,0
6735,1
6736,0
6737,1
6738,2
6739,0
6740,0
6741,0
6742,0
6743,0
6744,0
6745,0
6746,0
6747,2
6748,1
6749,1
6750,2
6751,1
6752,1
6753,0
6754,0
6755,2
6756,1
6757,2
6758,2
6759,1
6760,2
6761,1
6762,0
6763,2
6764,1
6765,2
6766,0
6767,2
6768,2
6769,2
6770,0
6771,2
6772,0
6773,2
6774,0
6775,1
6776,0
6777,0
6778,1
6779,1
6780,1
6781,0
6782,0
6783,1
6784,1
6785,1
6786,0
6787,1
6788,0
6789,1
6790,1
6791,0
6792,0
6793,1
6794,0
6795,0
6796,0
6797,1
6798,0
6799,0
6800,0
6801,0
6802,1
6803,1
6804,2
6805,1
6806,1
6807,0
6808,1
6809,2
6810,0
6811,0
6812,0
6813,1
6814,0
6815,0
6816,0
6817,0
6818,1
6819,2
6820,0
6821,0
6822,0
6823,1
6824,0
6825,2
6826,1
6827,1
6828,0
6829,1
6830,0
6831,1
6832,0
6833,1
6834,0
6835,1
6836,2
6837,1
6838,1
6839,0
6840,1
6841,0
6842,2
6843,1
6844,1
6845,2
6846,1
6847,1
6848,2
6849,0
6850,2
6851,1
6852,1
6853,0
6854,2
6855,0
6856,2
6857,0
6858,2
6859,2
6860,0
6861,1
6862,1
6863,0
6864,2
6865,0
6866,0
6867,0
6868,2
6869,0
6870,2
6871,2
6872,1
6873,1
6874,2
6875,0
6876,2
6877,1
6878,1
6879,2
6880,2
6881,0
6882,0
6883,2
6884,0
6885,0
6886,0
6887,1
6888,2
6889,1
6890,0
6891,0
6892,1
6893,0
6894,0
6895,1
6896,0
6897,0
6898,1
6899,0
6900,1
6901,1
6902,2
6903,2
6904,1
6905,0
6906,2
6907,2
6908,1
6909,0
6910,0
6911,2
6912,1
6913,0
6914,0
6915,0
6916,2
6917,2
6918,0
6919,0
6920,0
6921,1
6922,0
6923,2
6924,2
6925,1
6926,2
6927,1
6928,1
6929,1
6930,0
6931,2
6932,2
6933,0
6934,0
6935,1
6936,1
6937,0
6938,1
6939,2
6940,1
6941,2
6942,2
6943,1
6944,0
6945,0
6946,1
6947,0
6948,0
6949,0
6950,0
6951,0
6952,0
6953,1
6954,1
6955,0
6956,0
6957,0
6958,1
6959,2
6960,0
6961,1
6962,2
6963,0
6964,0
6965,0
6966,1
6967,1
6968,0
6969,0
6970,0
6971,0
6972,1
6973,0
6974,2
6975,2
6976,0
6977,0
6978,1
6979,0
6980,0
6981,1
6982,0
6983,0
6984,0
6985,0
6986,1
6987,0
6988,2
6989,2
6990,1
6991,0
6992,2
6993,2
6994,0
6995,1
6996,1
6997,1
6998,0
6999,2
7000,1
7001,1
7002,0
7003,0
7004,1
7005,1
7006,0
7007,0
7008,2
7009,1
7010,2
7011,1
7012,0
7013,2
7014,1
7015,0
7016,1
7017,0
7018,0
7019,1
7020,1
7021,2
7022,0
7023,2
7024,0
7025,2
7026,0
7027,1
7028,0
7029,0
7030,2
7031,1
7032,0
7033,0
7034,0
7035,1
7036,0
7037,0
7038,0
7039,1
7040,0
7041,1
7042,1
7043,0
7044,0
7045,0
7046,0
7047,1
7048,0
7049,0
7050,0
7051,2
7052,0
7053,1
7054,0
7055,1
7056,2
7057,1
7058,0
7059,0
7060,0
7061,0
7062,0
7063,0
7064,1
7065,1
7066,0
7067,0
7068,0
7069,0
7070,2
7071,0
7072,2
7073,0
7074,0
7075,0
7076,0
7077,0
7078,0
7079,0
7080,0
7081,0
7082,0
7083,1
7084,2
7085,1
7086,0
7087,1
7088,0
7089,0
7090,0
7091,1
7092,0
7093,2
7094,0
7095,1
7096,0
7097,2
7098,0
7099,1
7100,0
7101,1
7102,2
7103,0
7104,0
7105,1
7106,2
7107,0
7108,0
7109,2
7110,1
7111,0
7112,1
7113,0
7114,0
7115,0
7116,0
7117,0
7118,0
7119,1
7120,0
7121,1
7122,1
7123,0
7124,2
7125,0
7126,1
7127,1
7128,0
7129,0
7130,2
7131,0
7132,0
7133,2
7134,2
7135,2
7136,1
7137,0
7138,0
7139,2
7140,2
7141,1
7142,0
7143,2
7144,1
7145,0
7146,1
7147,1
7148,0
7149,0
7150,1
7151,2
7152,1
7153,1
7154,2
7155,0
7156,0
7157,2
7158,2
7159,2
7160,0
7161,1
7162,0
7163,1
7164,2
7165,1
7166,1
7167,0
7168,0
7169,2
7170,0
7171,0
7172,0
7173,0
7174,1
7175,2
7176,0
7177,0
7178,0
7179,0
7180,0
7181,1
7182,2
7183,0
7184,2
7185,0
7186,1
7187,0
7188,1
7189,0
7190,0
7191,0
7192,0
7193,0
7194,1
7195,1
7196,0
7197,0
7198,2
7199,1
7200,1
7201,0
7202,2
7203,1
7204,1
7205,0
7206,0
7207,1
7208,0
7209,0
7210,2
7211,2
7212,1
7213,0
7214,1
7215,1
7216,0
7217,1
7218,0
7219,0
7220,0
7221,0
7222,1
7223,0
7224,1
7225,0
7226,0
7227,2
7228,0
7229,2
7230,0
7231,0
7232,2
7233,2
7234,1
7235,2
7236,1
7237,0
7238,1
7239,2
7240,1
7241,2
7242,1
7243,2
7244,0
7245,0
7246,0
7247,0
7248,0
7249,0
7250,0
7251,0
7252,1
7253,1
7254,0
7255,0
7256,0
7257,0
7258,1
7259,0
7260,2
7261,1
7262,1
7263,1
7264,0
7265,0
7266,1
7267,1
7268,2
7269,0
7270,1
7271,2
7272,1
7273,0
7274,2
7275,2
7276,1
7277,0
7278,0
7279,2
7280,0
7281,0
7282,0
7283,1
7284,2
7285,1
7286,2
7287,0
7288,0
7289,0
7290,2
7291,0
7292,2
7293,1
7294,0
7295,1
7296,0
7297,0
7298,1
7299,0
7300,1
7301,0
7302,0
7303,1
7304,1
7305,0
7306,0
7307,2
7308,1
7309,2
7310,1
7311,1
7312,1
7313,2
7314,2
7315,2
7316,2
7317,0
7318,0
7319,0
7320,0
7321,1
7322,1
7323,0
7324,2
7325,0
7326,2
7327,0
7328,0
7329,0
7330,1
7331,0
7332,0
7333,1
7334,1
7335,1
7336,0
7337,2
7338,0
7339,1
7340,2
7341,0
7342,2
7343,1
7344,2
7345,0
7346,0
7347,2
7348,0
7349,0
7350,1
7351,1
7352,0
7353,2
7354,1
7355,1
7356,0
7357,1
7358,0
7359,0
7360,0
7361,1
7362,2
7363,1
7364,0
7365,0
7366,0
7367,0
7368,1
7369,2
7370,2
7371,0
7372,0
7373,0
7374,1
7375,1
7376,1
7377,0
7378,1
7379,0
7380,1
7381,0
7382,2
7383,1
7384,1
7385,0
7386,0
7387,1
7388,0
7389,0
7390,1
7391,2
7392,1
7393,1
7394,1
7395,0
7396,1
7397,2
7398,2
7399,2
7400,0
7401,1
7402,0
7403,0
7404,2
7405,1
7406,0
7407,0
7408,0
7409,2
7410,0
7411,1
7412,2
7413,0
7414,2
7415,2
7416,1
7417,1
7418,0
7419,0
7420,0
7421,2
7422,1
7423,0
7424,2
7425,1
7426,2
7427,1
7428,2
7429,0
7430,0
7431,2
7432,2
7433,0
7434,1
7435,0
7436,2
7437,2
7438,0
7439,2
7440,0
7441,0
7442,2
7443,0
7444,2
7445,2
7446,2
7447,2
7448,0
7449,0
7450,1
7451,2
7452,2
7453,0
7454,0
7455,0
7456,1
7457,1
7458,0
7459,1
7460,1
7461,0
7462,2
7463,0
7464,2
7465,1
7466,0
7467,0
7468,1
7469,1
7470,1
7471,1
7472,0
7473,0
7474,0
7475,0
7476,1
7477,0
7478,1
7479,0
7480,2
7481,1
7482,2
7483,2
7484,1
7485,0
7486,0
7487,2
7488,2
7489,0
7490,2
7491,0
7492,2
7493,0
7494,1
7495,0
7496,0
7497,1
7498,0
7499,0
7500,1
7501,0
7502,1
7503,0
7504,0
7505,0
7506,1
7507,0
7508,1
7509,2
7510,2
7511,1
7512,0
7513,1
7514,1
7515,0
7516,2
7517,1
7518,0
7519,0
7520,1
7521,0
7522,0
7523,0
7524,2
7525,2
7526,0
7527,0
7528,0
7529,1
7530,0
7531,2
7532,2
7533,0
7534,1
7535,0
7536,0
7537,0
7538,0
7539,1
7540,0
7541,0
7542,1
7543,2
7544,0
7545,0
7546,2
7547,1
7548,0
7549,0
7550,0
7551,2
7552,0
7553,2
7554,0
7555,2
7556,0
7557,2
7558,0
7559,0
7560,0
7561,0
7562,0
7563,1
7564,0
7565,1
7566,0
7567,1
7568,0
7569,0
7570,1
7571,1
7572,0
7573,2
7574,0
7575,2
7576,1
7577,0
7578,0
7579,0
7580,2
7581,1
7582,0
7583,0
7584,0
7585,1
7586,2
7587,0
7588,1
7589,1
7590,1
7591,0
7592,0
7593,0
7594,0
7595,2
7596,1
7597,1
7598,0
7599,2
7600,1
7601,0
7602,1
7603,0
7604,0
7605,2
7606,2
7607,0
7608,2
7609,0
7610,2
7611,2
7612,0
7613,2
7614,2
7615,2
7616,0
7617,0
7618,1
7619,0
7620,0
7621,1
7622,2
7623,0
7624,0
7625,0
7626,1
7627,0
7628,0
7629,0
7630,0
7631,0
7632,0
7633,0
7634,0
7635,0
7636,0
7637,2
7638,0
7639,2
7640,0
7641,1
7642,2
7643,1
7644,0
7645,0
7646,2
7647,1
7648,0
7649,0
7650,2
7651,0
7652,2
7653,0
7654,0
7655,1
7656,2
7657,1
7658,0
7659,2
7660,2
7661,1
7662,0
7663,0
7664,1
7665,2
7666,0
7667,2
7668,0
7669,0
7670,0
7671,2
7672,0
7673,1
7674,1
7675,0
7676,2
7677,0
7678,1
7679,0
7680,1
7681,1
7682,2
7683,0
7684,0
7685,2
7686,0
7687,0
7688,1
7689,0
7690,0
7691,0
7692,0
7693,0
7694,0
7695,0
7696,2
7697,0
7698,0
7699,0
7700,0
7701,1
7702,0
7703,2
7704,1
7705,0
7706,0
7707,2
7708,2
7709,0
7710,2
7711,1
7712,1
7713,1
7714,0
7715,0
7716,1
7717,2
7718,2
7719,1
7720,0
7721,1
7722,1
7723,0
7724,2
7725,0
7726,0
7727,0
7728,0
7729,0
7730,0
7731,1
7732,0
7733,0
7734,1
7735,0
7736,0
7737,0
7738,2
7739,0
7740,2
7741,0
7742,0
7743,1
7744,0
7745,2
7746,0
7747,0
7748,2
7749,1
7750,0
7751,0
7752,1
7753,2
7754,0
7755,2
7756,2
7757,1
7758,0
7759,0
7760,1
7761,0
7762,1
7763,1
7764,0
7765,1
7766,0
7767,2
7768,1
7769,2
7770,1
7771,1
7772,0
7773,0
7774,0
7775,1
7776,0
7777,2
7778,0
7779,1
7780,2
7781,1
7782,0
7783,0
7784,2
7785,0
7786,0
7787,2
7788,2
7789,2
7790,2
7791,0
7792,0
7793,0
7794,0
7795,2
7796,1
7797,1
7798,0
7799,0
7800,0
7801,1
7802,0
7803,0
7804,2
7805,0
7806,0
7807,0
7808,0
7809,2
7810,1
7811,2
7812,0
7813,1
7814,1
7815,1
7816,0
7817,0
7818,1
7819,0
7820,1
7821,1
7822,0
7823,2
7824,0
7825,1
7826,0
7827,2
7828,2
7829,0
7830,1
7831,2
7832,1
7833,1
7834,0
7835,1
7836,0
7837,0
7838,1
7839,2
7840,0
7841,1
7842,0
7843,2
7844,2
7845,2
7846,0
7847,0
7848,0
7849,1
7850,0
7851,0
7852,1
7853,1
7854,0
7855,2
7856,0
7857,1
7858,0
7859,1
7860,1
7861,0
7862,1
7863,0
7864,1
7865,1
7866,0
7867,0
7868,1
7869,1
7870,1
7871,2
7872,1
7873,0
7874,0
7875,1
7876,2
7877,0
7878,1
7879,1
7880,1
7881,1
7882,0
7883,1
7884,1
7885,0
7886,1
7887,2
7888,0
7889,1
7890,1
7891,0
7892,0
7893,2
7894,0
7895,2
7896,0
7897,2
7898,0
7899,0
7900,0
7901,1
7902,0
7903,0
7904,0
7905,0
7906,0
7907,1
7908,1
7909,2
7910,1
7911,0
7912,2
7913,0
7914,2
7915,2
7916,1
7917,2
7918,2
7919,1
7920,1
7921,2
7922,2
7923,2
7924,1
7925,0
7926,2
7927,0
7928,1
7929,0
7930,2
7931,1
7932,0
7933,0
7934,2
7935,2
7936,0
7937,1
7938,2
7939,0
7940,0
7941,0
7942,0
7943,0
7944,0
7945,0
7946,2
7947,2
7948,0
7949,1
7950,2
7951,2
7952,2
7953,1
7954,0
7955,1
7956,1
7957,0
7958,1
7959,1
7960,0
7961,1
7962,2
7963,0
7964,0
7965,1
7966,1
7967,1
7968,0
7969,0
7970,0
7971,0
7972,1
7973,0
7974,1
7975,0
7976,1
7977,0
7978,1
7979,1
7980,2
7981,0
7982,0
7983,0
7984,0
7985,0
7986,2
7987,1
7988,2
7989,2
7990,2
7991,0
7992,2
7993,1
7994,0
7995,0
7996,0
7997,0
7998,1
7999,1
8000,0
8001,1
8002,1
8003,0
8004,1
8005,0
8006,0
8007,0
8008,2
8009,1
8010,0
8011,0
8012,0
8013,0
8014,1
8015,0
8016,0
8017,0
8018,0
8019,1
8020,1
8021,1
8022,0
8023,0
8024,0
8025,2
8026,0
8027,2
8028,1
8029,0
8030,0
8031,0
8032,2
8033,0
8034,1
8035,0
8036,1
8037,0
8038,1
8039,0
8040,1
8041,2
8042,0
8043,0
8044,0
8045,1
8046,0
8047,1
8048,1
8049,1
8050,1
8051,0
8052,1
8053,0
8054,0
8055,0
8056,0
8057,0
8058,0
8059,2
8060,1
8061,2
8062,1
8063,1
8064,0
8065,1
8066,0
8067,0
8068,0
8069,2
8070,0
8071,2
8072,2
8073,0
8074,0
8075,0
8076,2
8077,2
8078,0
8079,0
8080,0
8081,0
8082,0
8083,0
8084,1
8085,0
8086,0
8087,1
8088,1
8089,0
8090,0
8091,1
8092,1
8093,2
8094,2
8095,2
8096,0
8097,0
8098,1
8099,2
8100,1
8101,2
8102,0
8103,0
8104,0
8105,2
8106,2
8107,0
8108,2
8109,1
8110,0
8111,1
8112,1
8113,2
8114,1
8115,2
8116,0
8117,2
8118,2
8119,0
8120,2
8121,0
8122,2
8123,1
8124,0
8125,1
8126,0
8127,0
8128,2
8129,2
8130,0
8131,0
8132,1
8133,0
8134,0
8135,2
8136,1
8137,0
8138,0
8139,0
8140,1
8141,1
8142,1
8143,0
8144,0
8145,1
8146,2
8147,0
8148,1
8149,1
8150,2
8151,2
8152,0
8153,0
8154,1
8155,0
8156,1
8157,2
8158,1
8159,2
8160,1
8161,0
8162,0
8163,0
8164,0
8165,2
8166,0
8167,1
8168,0
8169,1
8170,0
8171,1
8172,2
8173,1
8174,0
8175,0
8176,0
8177,0
8178,2
8179,2
8180,2
8181,2
8182,2
8183,0
8184,1
8185,0
8186,2
8187,2
8188,2
8189,1
8190,2
8191,1
8192,0
8193,0
8194,1
8195,1
8196,1
8197,0
8198,2
8199,0
8200,0
8201,2
8202,1
8203,1
8204,0
8205,2
8206,1
8207,0
8208,1
8209,0
8210,0
8211,1
8212,0
8213,1
8214,0
8215,0
8216,0
8217,2
8218,2
8219,2
8220,2
8221,0
8222,1
8223,2
8224,1
8225,0
8226,0
8227,0
8228,1
8229,2
8230,2
8231,0
8232,1
8233,1
8234,1
8235,0
8236,0
8237,0
8238,1
8239,1
8240,0
8241,1
8242,2
8243,0
8244,0
8245,0
8246,2
8247,0
8248,1
8249,1
8250,2
8251,0
8252,0
8253,2
8254,1
8255,0
8256,1
8257,2
8258,0
8259,0
8260,0
8261,2
8262,0
8263,0
8264,2
8265,0
8266,2
8267,2
8268,1
8269,1
8270,0
8271,1
8272,0
8273,0
8274,1
8275,2
8276,0
8277,0
8278,1
8279,0
8280,2
8281,1
8282,0
8283,1
8284,1
8285,2
8286,0
8287,1
8288,1
8289,0
8290,0
8291,2
8292,1
8293,0
8294,0
8295,0
8296,1
8297,0
8298,2
8299,2
8300,2
8301,0
8302,2
8303,1
8304,2
8305,1
8306,0
8307,1
8308,2
8309,1
8310,0
8311,1
8312,0
8313,0
8314,0
8315,0
8316,0
8317,0
8318,1
8319,2
8320,0
8321,1
8322,2
8323,2
8324,0
8325,0
8326,0
8327,2
8328,0
8329,0
8330,0
8331,2
8332,1
8333,1
8334,0
8335,1
8336,0
8337,1
8338,1
8339,0
8340,0
8341,0
8342,0
8343,0
8344,0
8345,0
8346,1
8347,0
8348,1
8349,1
8350,0
8351,1
8352,1
8353,1
8354,0
8355,1
8356,0
8357,2
8358,1
8359,0
8360,0
8361,2
8362,0
8363,0
8364,1
8365,0
8366,0
8367,2
8368,1
8369,1
8370,0
8371,0
8372,2
8373,0
8374,0
8375,1
8376,2
8377,2
8378,2
8379,2
8380,2
8381,2
8382,2
8383,0
8384,1
8385,0
8386,0
8387,0
8388,2
8389,1
8390,2
8391,0
8392,0
8393,0
8394,0
8395,2
8396,1
8397,1
8398,1
8399,0
8400,1
8401,0
8402,2
8403,1
8404,0
8405,1
8406,0
8407,2
8408,1
8409,1
8410,0
8411,0
8412,0
8413,2
8414,0
8415,0
8416,0
8417,2
8418,1
8419,1
8420,1
8421,1
8422,0
8423,1
8424,0
8425,2
8426,1
8427,2
8428,2
8429,1
8430,1
8431,1
8432,0
8433,0
8434,0
8435,2
8436,0
8437,0
8438,0
8439,1
8440,2
8441,0
8442,0
8443,1
8444,0
8445,0
8446,0
8447,1
8448,1
8449,2
8450,2
8451,2
8452,0
8453,1
8454,2
8455,2
8456,2
8457,1
8458,0
8459,1
8460,1
8461,0
8462,0
8463,0
8464,2
8465,0
8466,0
8467,1
8468,1
8469,2
8470,0
8471,2
8472,0
8473,1
8474,2
8475,0
8476,1
8477,2
8478,1
8479,0
8480,2
8481,0
8482,0
8483,0
8484,2
8485,0
8486,0
8487,0
8488,2
8489,2
8490,1
8491,2
8492,1
8493,1
8494,2
8495,0
8496,1
8497,1
8498,1
8499,0
8500,0
8501,2
8502,0
8503,2
8504,0
8505,2
8506,1
8507,2
8508,1
8509,0
8510,2
8511,0
8512,2
8513,1
8514,2
8515,1
8516,0
8517,0
8518,0
8519,0
8520,2
8521,2
8522,0
8523,2
8524,1
8525,2
8526,1
8527,0
8528,0
8529,1
8530,0
8531,2
8532,1
8533,0
8534,0
8535,1
8536,0
8537,1
8538,0
8539,1
8540,0
8541,1
8542,0
8543,1
8544,1
8545,1
8546,0
8547,2
8548,2
8549,0
8550,0
8551,1
8552,1
8553,1
8554,2
8555,2
8556,0
8557,2
8558,0
8559,1
8560,0
8561,2
8562,0
8563,0
8564,1
8565,1
8566,1
8567,0
8568,2
8569,2
8570,2
8571,0
8572,1
8573,0
8574,1
8575,1
8576,0
8577,2
8578,1
8579,0
8580,2
8581,1
8582,0
8583,0
8584,0
8585,2
8586,1
8587,0
8588,2
8589,1
8590,0
8591,0
8592,0
8593,1
8594,1
8595,1
8596,0
8597,0
8598,0
8599,2
8600,1
8601,0
8602,0
8603,0
8604,0
8605,0
8606,0
8607,0
8608,0
8609,0
8610,0
8611,0
8612,1
8613,0
8614,0
8615,0
8616,0
8617,0
8618,0
8619,1
8620,1
8621,1
8622,1
8623,0
8624,0
8625,0
8626,1
8627,0
8628,0
8629,2
8630,1
8631,0
8632,2
8633,0
8634,1
8635,0
8636,0
8637,1
8638,1
8639,0
8640,2
8641,1
8642,1
8643,1
8644,1
8645,0
8646,1
8647,0
8648,0
8649,1
8650,1
8651,0
8652,2
8653,2
8654,2
8655,1
8656,0
8657,0
8658,2
8659,0
8660,2
8661,2
8662,1
8663,1
8664,1
8665,2
8666,0
8667,1
8668,2
8669,2
8670,1
8671,1
8672,0
8673,1
8674,0
8675,1
8676,0
8677,0
8678,0
8679,1
8680,0
8681,1
8682,0
8683,2
8684,2
8685,1
8686,0
8687,1
8688,0
8689,1
8690,2
8691,0
8692,1
8693,0
8694,0
8695,1
8696,0
8697,2
8698,1
8699,2
8700,0
8701,1
8702,2
8703,1
8704,2
8705,1
8706,0
8707,1
8708,2
8709,0
8710,2
8711,0
8712,1
8713,1
8714,2
8715,2
8716,2
8717,2
8718,1
8719,0
8720,2
8721,1
8722,0
8723,2
8724,0
8725,0
8726,0
8727,0
8728,2
8729,1
8730,1
8731,0
8732,1
8733,2
8734,2
8735,2
8736,0
8737,1
8738,2
8739,0
8740,1
8741,2
8742,0
8743,1
8744,0
8745,2
8746,0
8747,1
8748,0
8749,0
8750,1
8751,0
8752,0
8753,1
8754,1
8755,0
8756,0
8757,0
8758,0
8759,1
8760,2
8761,2
8762,0
8763,1
8764,0
8765,1
8766,0
8767,0
8768,2
8769,0
8770,2
8771,0
8772,1
8773,0
8774,1
8775,0
8776,0
8777,0
8778,2
8779,2
8780,0
8781,0
8782,2
8783,1
8784,2
8785,2
8786,1
8787,1
8788,1
8789,2
8790,1
8791,2
8792,2
8793,0
8794,0
8795,1
8796,0
8797,2
8798,1
8799,0
8800,0
8801,1
8802,1
8803,0
8804,0
8805,1
8806,1
8807,0
8808,0
8809,0
8810,2
8811,0
8812,2
8813,2
8814,1
8815,2
8816,0
8817,0
8818,1
8819,1
8820,1
8821,0
8822,0
8823,2
8824,1
8825,2
8826,0
8827,0
8828,0
8829,0
8830,0
8831,2
8832,0
8833,0
8834,2
8835,1
8836,0
8837,2
8838,0
8839,0
8840,2
8841,1
8842,1
8843,2
8844,0
8845,2
8846,1
8847,2
8848,0
8849,1
8850,0
8851,1
8852,1
8853,0
8854,0
8855,0
8856,2
8857,2
8858,1
8859,0
8860,0
8861,2
8862,0
8863,2
8864,2
8865,0
8866,0
8867,1
8868,0
8869,0
8870,0
8871,0
8872,2
8873,0
8874,0
8875,2
8876,2
8877,1
8878,0
8879,0
8880,1
8881,0
8882,0
8883,0
8884,0
8885,2
8886,1
8887,1
8888,0
8889,0
8890,2
8891,0
8892,0
8893,2
8894,1
8895,0
8896,1
8897,0
8898,2
8899,2
8900,0
8901,0
8902,0
8903,0
8904,0
8905,2
8906,1
8907,0
8908,0
8909,1
8910,1
8911,0
8912,0
8913,1
8914,0
8915,0
8916,0
8917,1
8918,2
8919,1
8920,1
8921,0
8922,0
8923,1
8924,0
8925,2
8926,0
8927,0
8928,2
8929,2
8930,1
8931,1
8932,1
8933,0
8934,1
8935,1
8936,0
8937,2
8938,0
8939,0
8940,1
8941,1
8942,2
8943,0
8944,1
8945,2
8946,2
8947,1
8948,0
8949,1
8950,0
8951,0
8952,0
8953,1
8954,1
8955,0
8956,0
8957,1
8958,2
8959,1
8960,0
8961,0
8962,1
8963,0
8964,2
8965,0
8966,0
8967,2
8968,0
8969,2
8970,2
8971,2
8972,2
8973,0
8974,2
8975,0
8976,0
8977,0
8978,0
8979,0
8980,0
8981,0
8982,1
8983,0
8984,1
8985,2
8986,2
8987,0
8988,0
8989,0
8990,1
8991,0
8992,0
8993,2
8994,0
8995,0
8996,0
8997,1
8998,0
8999,2
9000,0
9001,1
9002,0
9003,0
9004,0
9005,2
9006,0
9007,0
9008,0
9009,2
9010,0
9011,1
9012,0
9013,2
9014,0
9015,2
9016,1
9017,1
9018,1
9019,1
9020,1
9021,1
9022,2
9023,1
9024,2
9025,0
9026,0
9027,0
9028,1
9029,2
9030,0
9031,1
9032,2
9033,0
9034,1
9035,1
9036,2
9037,0
9038,2
9039,1
9040,2
9041,0
9042,0
9043,0
9044,0
9045,0
9046,2
9047,1
9048,0
9049,2
9050,0
9051,1
9052,2
9053,1
9054,2
9055,0
9056,0
9057,2
9058,0
9059,0
9060,2
9061,1
9062,2
9063,1
9064,2
9065,0
9066,0
9067,1
9068,0
9069,1
9070,1
9071,0
9072,0
9073,2
9074,1
9075,2
9076,0
9077,0
9078,0
9079,1
9080,0
9081,1
9082,0
9083,1
9084,0
9085,0
9086,2
9087,1
9088,0
9089,0
9090,1
9091,0
9092,0
9093,0
9094,0
9095,1
9096,0
9097,2
9098,2
9099,0
9100,2
9101,0
9102,0
9103,1
9104,2
9105,0
9106,0
9107,2
9108,0
9109,0
9110,0
9111,2
9112,0
9113,0
9114,1
9115,2
9116,0
9117,0
9118,0
9119,1
9120,2
9121,2
9122,0
9123,1
9124,2
9125,0
9126,0
9127,0
9128,2
9129,2
9130,0
9131,1
9132,1
9133,2
9134,0
9135,1
9136,1
9137,2
9138,1
9139,0
9140,1
9141,0
9142,0
9143,1
9144,0
9145,0
9146,0
9147,0
9148,0
9149,0
9150,0
9151,2
9152,1
9153,0
9154,2
9155,1
9156,0
9157,2
9158,0
9159,1
9160,0
9161,2
9162,0
9163,1
9164,2
9165,0
9166,2
9167,0
9168,0
9169,0
9170,0
9171,0
9172,1
9173,0
9174,0
9175,2
9176,1
9177,2
9178,1
9179,2
9180,1
9181,0
9182,1
9183,0
9184,0
9185,1
9186,0
9187,0
9188,2
9189,2
9190,1
9191,0
9192,1
9193,0
9194,0
9195,2
9196,0
9197,1
9198,1
9199,0
9200,0
9201,2
9202,0
9203,1
9204,2
9205,0
9206,0
9207,2
9208,0
9209,0
9210,0
9211,0
9212,1
9213,0
9214,0
9215,1
9216,0
9217,2
9218,0
9219,0
9220,0
9221,2
9222,0
9223,1
9224,0
9225,0
9226,1
9227,2
9228,1
9229,0
9230,1
9231,1
9232,1
9233,0
9234,2
9235,2
9236,1
9237,2
9238,0
9239,0
9240,1
9241,1
9242,0
9243,2
9244,0
9245,2
9246,0
9247,2
9248,0
9249,0
9250,0
9251,2
9252,1
9253,1
9254,2
9255,0
9256,0
9257,1
9258,0
9259,2
9260,2
9261,0
9262,1
9263,0
9264,0
9265,1
9266,0
9267,0
9268,0
9269,2
9270,0
9271,0
9272,1
9273,1
9274,0
9275,1
9276,2
9277,1
9278,0
9279,0
9280,0
9281,2
9282,1
9283,1
9284,0
9285,1
9286,0
9287,1
9288,0
9289,0
9290,2
9291,0
9292,0
9293,0
9294,0
9295,1
9296,0
9297,2
9298,1
9299,2
9300,1
9301,1
9302,1
9303,0
9304,0
9305,0
9306,0
9307,2
9308,0
9309,1
9310,0
9311,0
9312,1
9313,0
9314,0
9315,1
9316,1
9317,2
9318,2
9319,1
9320,0
9321,2
9322,0
9323,0
9324,1
9325,0
9326,0
9327,1
9328,2
9329,1
9330,0
9331,2
9332,2
9333,0
9334,2
9335,1
9336,2
9337,0
9338,1
9339,1
9340,0
9341,1
9342,0
9343,1
9344,0
9345,2
9346,0
9347,2
9348,0
9349,0
9350,0
9351,1
9352,0
9353,1
9354,2
9355,2
9356,1
9357,2
9358,1
9359,1
9360,1
9361,2
9362,2
9363,0
9364,2
9365,2
9366,0
9367,0
9368,2
9369,0
9370,2
9371,2
9372,0
9373,1
9374,0
9375,1
9376,1
9377,2
9378,0
9379,2
9380,0
9381,1
9382,2
9383,0
9384,1
9385,0
9386,1
9387,1
9388,2
9389,0
9390,2
9391,2
9392,0
9393,2
9394,2
9395,0
9396,1
9397,2
9398,0
9399,0
9400,0
9401,0
9402,1
9403,0
9404,2
9405,0
9406,0
9407,1
9408,0
9409,0
9410,0
9411,0
9412,0
9413,0
9414,0
9415,0
9416,1
9417,2
9418,1
9419,2
9420,0
9421,0
9422,2
9423,0
9424,2
9425,0
9426,0
9427,2
9428,0
9429,1
9430,1
9431,0
9432,0
9433,0
9434,0
9435,0
9436,1
9437,0
9438,0
9439,2
9440,1
9441,0
9442,1
9443,0
9444,0
9445,1
9446,0
9447,2
9448,2
9449,1
9450,1
9451,2
9452,1
9453,0
9454,1
9455,0
9456,1
9457,2
9458,0
9459,0
9460,1
9461,2
9462,0
9463,1
9464,0
9465,0
9466,2
9467,2
9468,2
9469,2
9470,2
9471,0
9472,0
9473,1
9474,1
9475,0
9476,2
9477,0
9478,0
9479,2
9480,0
9481,0
9482,2
9483,1
9484,2
9485,0
9486,2
9487,1
9488,2
9489,1
9490,1
9491,0
9492,2
9493,1
9494,1
9495,1
9496,0
9497,1
9498,2
9499,1
9500,0
9501,0
9502,2
9503,0
9504,1
9505,0
9506,1
9507,2
9508,2
9509,0
9510,1
9511,1
9512,0
9513,1
9514,0
9515,2
9516,2
9517,2
9518,1
9519,2
9520,2
9521,0
9522,1
9523,0
9524,2
9525,1
9526,1
9527,0
9528,2
9529,2
9530,0
9531,0
9532,0
9533,0
9534,0
9535,1
9536,1
9537,0
9538,0
9539,0
9540,0
9541,2
9542,0
9543,0
9544,2
9545,2
9546,2
9547,0
9548,2
9549,0
9550,2
9551,0
9552,0
9553,0
9554,0
9555,1
9556,1
9557,2
9558,1
9559,2
9560,0
9561,0
9562,0
9563,2
9564,1
9565,0
9566,0
9567,1
9568,1
9569,2
9570,0
9571,1
9572,1
9573,0
9574,0
9575,0
9576,0
9577,0
9578,0
9579,2
9580,0
9581,2
9582,2
9583,0
9584,0
9585,2
9586,2
9587,1
9588,0
9589,1
9590,1
9591,0
9592,2
9593,0
9594,2
9595,0
9596,0
9597,1
9598,0
9599,2
9600,2
9601,0
9602,2
9603,0
9604,0
9605,2
9606,0
9607,0
9608,2
9609,2
9610,2
9611,1
9612,0
9613,0
9614,0
9615,1
9616,1
9617,2
9618,1
9619,2
9620,0
9621,2
9622,2
9623,2
9624,0
9625,1
9626,0
9627,2
9628,0
9629,0
9630,2
9631,0
9632,0
9633,1
9634,1
9635,0
9636,0
9637,0
9638,2
9639,0
9640,2
9641,1
9642,2
9643,1
9644,0
9645,1
9646,0
9647,0
9648,0
9649,0
9650,2
9651,2
9652,1
9653,1
9654,1
9655,0
9656,1
9657,0
9658,1
9659,0
9660,0
9661,2
9662,0
9663,2
9664,1
9665,0
9666,0
9667,2
9668,2
9669,0
9670,0
9671,2
9672,2
9673,2
9674,0
9675,0
9676,1
9677,2
9678,2
9679,1
9680,1
9681,0
9682,0
9683,0
9684,2
9685,1
9686,1
9687,0
9688,0
9689,1
9690,1
9691,1
9692,0
9693,1
9694,0
9695,0
9696,0
9697,2
9698,0
9699,1
9700,2
9701,0
9702,0
9703,2
9704,0
9705,0
9706,1
9707,2
9708,0
9709,0
9710,1
9711,0
9712,0
9713,2
9714,1
9715,0
9716,0
9717,0
9718,2
9719,2
9720,1
9721,1
9722,1
9723,2
9724,2
9725,0
9726,2
9727,0
9728,1
9729,2
9730,1
9731,0
9732,1
9733,0
9734,1
9735,2
9736,0
9737,0
9738,1
9739,0
9740,1
9741,1
9742,0
9743,0
9744,2
9745,1
9746,0
9747,0
9748,1
9749,1
9750,2
9751,0
9752,2
9753,2
9754,0
9755,0
9756,2
9757,2
9758,0
9759,1
9760,0
9761,2
9762,0
9763,2
9764,1
9765,0
9766,2
9767,0
9768,0
9769,0
9770,1
9771,2
9772,1
9773,2
9774,0
9775,0
9776,1
9777,1
9778,0
9779,0
9780,0
9781,2
9782,0
9783,2
9784,1
9785,1
9786,2
9787,2
9788,1
9789,1
9790,0
9791,2
9792,1
9793,1
9794,0
9795,0
9796,1
9797,1
9798,0
9799,0
9800,1
9801,0
9802,0
9803,2
9804,0
9805,2
9806,0
9807,0
9808,1
9809,1
9810,0
9811,2
9812,2
9813,1
9814,1
9815,1
9816,0
9817,0
9818,1
9819,2
9820,1
9821,0
9822,2
9823,0
9824,0
9825,2
9826,2
9827,2
9828,0
9829,0
9830,1
9831,0
9832,0
9833,0
9834,1
9835,2
9836,0
9837,2
9838,1
9839,2
9840,1
9841,1
9842,1
9843,0
9844,0
9845,0
9846,1
9847,0
9848,0
9849,2
9850,1
9851,2
9852,0
9853,1
9854,1
9855,1
9856,1
9857,2
9858,2
9859,0
9860,2
9861,1
9862,0
9863,2
9864,0
9865,1
9866,0
9867,0
9868,0
9869,2
9870,0
9871,1
9872,2
9873,1
9874,2
9875,1
9876,1
9877,2
9878,2
9879,2
9880,1
9881,2
9882,0
9883,2
9884,0
9885,0
9886,0
9887,0
9888,0
9889,1
9890,2
9891,0
9892,1
9893,0
9894,0
9895,1
9896,1
9897,0
9898,1
9899,0
9900,1
9901,0
9902,1
9903,2
9904,2
9905,1
9906,2
9907,1
9908,0
9909,0
9910,0
9911,1
9912,0
9913,2
9914,0
9915,0
9916,2
9917,0
9918,2
9919,0
9920,2
9921,0
9922,1
9923,0
9924,0
9925,0
9926,2
9927,0
9928,0
9929,0
9930,0
9931,0
9932,0
9933,2
9934,0
9935,0
9936,0
9937,1
9938,0
9939,1
9940,0
9941,2
9942,1
9943,2
9944,0
9945,0
9946,0
9947,0
9948,0
9949,0
9950,1
9951,2
9952,1
9953,2
9954,0
9955,0
9956,1
9957,2
9958,2
9959,1
9960,2
9961,0
9962,0
9963,2
9964,2
9965,1
9966,1
9967,0
9968,0
9969,0
9970,1
9971,0
9972,0
9973,0
9974,2
9975,2
9976,1
9977,0
9978,0
9979,2
9980,0
9981,1
9982,1
9983,1
9984,1
9985,2
9986,1
9987,0
9988,1
9989,1
9990,1
9991,0
9992,1
9993,0
9994,0
9995,0
9996,1
9997,2
9998,0
9999,0
10000,2
10001,1
10002,1
10003,2
10004,0
10005,2
10006,0
10007,2
10008,2
10009,0
10010,2
10011,2
10012,2
10013,1
10014,1
10015,2
10016,1
10017,2
10018,0
10019,0
10020,2
10021,0
10022,1
10023,1
10024,1
10025,0
10026,1
10027,1
10028,0
10029,0
10030,0
10031,0
10032,0
10033,0
10034,0
10035,0
10036,0
10037,1
10038,0
10039,0
10040,2
10041,2
10042,1
10043,0
10044,0
10045,2
10046,2
10047,2
10048,1
10049,0
10050,2
10051,0
10052,1
10053,2
10054,2
10055,1
10056,1
10057,1
10058,1
10059,0
10060,0
10061,1
10062,0
10063,0
10064,1
10065,0
10066,0
10067,0
10068,2
10069,0
10070,2
10071,2
10072,1
10073,1
10074,0
10075,0
10076,0
10077,0
10078,0
10079,1
10080,0
10081,2
10082,2
10083,0
10084,2
10085,2
10086,2
10087,1
10088,0
10089,0
10090,1
10091,0
10092,0
10093,2
10094,2
10095,0
10096,0
10097,2
10098,2
10099,0
10100,0
10101,0
10102,1
10103,0
10104,0
10105,0
10106,2
10107,1
10108,2
10109,1
10110,2
10111,2
10112,1
10113,2
10114,0
10115,1
10116,0
10117,2
10118,0
10119,0
10120,0
10121,2
10122,0
10123,0
10124,1
10125,1
10126,2
10127,0
10128,2
10129,0
10130,2
10131,2
10132,0
10133,2
10134,1
10135,0
10136,0
10137,0
10138,0
10139,1
10140,1
10141,1
10142,1
10143,0
10144,1
10145,0
10146,1
10147,0
10148,0
10149,2
10150,0
10151,0
10152,1
10153,0
10154,2
10155,1
10156,0
10157,0
10158,1
10159,2
10160,0
10161,1
10162,1
10163,0
10164,0
10165,1
10166,1
10167,0
10168,0
10169,1
10170,0
10171,0
10172,1
10173,1
10174,0
10175,2
10176,0
10177,2
10178,0
10179,0
10180,2
10181,2
10182,1
10183,0
10184,2
10185,0
10186,0
10187,1
10188,1
10189,2
10190,0
10191,0
10192,0
10193,1
10194,0
10195,0
10196,0
10197,0
10198,0
10199,1
10200,0
10201,0
10202,1
10203,0
10204,0
10205,2
10206,0
10207,0
10208,0
10209,1
10210,0
10211,0
10212,0
10213,0
10214,1
10215,1
10216,0
10217,2
10218,1
10219,0
10220,0
10221,1
10222,1
10223,1
10224,0
10225,2
10226,1
10227,1
10228,1
10229,2
10230,1
10231,1
10232,2
10233,0
10234,2
10235,1
10236,0
10237,0
10238,2
10239,1
10240,1
10241,1
10242,2
10243,1
10244,0
10245,0
10246,0
10247,1
10248,0
10249,0
10250,1
10251,1
10252,2
10253,0
10254,2
10255,2
10256,0
10257,0
10258,2
10259,0
10260,0
10261,2
10262,1
10263,1
10264,0
10265,2
10266,1
10267,1
10268,0
10269,2
10270,0
10271,0
10272,0
10273,0
10274,0
10275,0
10276,1
10277,2
10278,0
10279,0
10280,0
10281,2
10282,2
10283,0
10284,1
10285,1
10286,0
10287,1
10288,0
10289,2
10290,2
10291,0
10292,0
10293,0
10294,0
10295,0
10296,2
10297,0
10298,0
10299,2
10300,2
10301,1
10302,1
10303,1
10304,0
10305,0
10306,0
10307,0
10308,2
10309,0
10310,0
10311,0
10312,0
10313,0
10314,0
10315,2
10316,0
10317,2
10318,1
10319,0
10320,0
10321,0
10322,0
10323,1
10324,2
10325,0
10326,0
10327,1
10328,2
10329,0
10330,1
10331,0
10332,0
10333,1
10334,1
10335,1
10336,0
10337,0
10338,2
10339,0
10340,1
10341,2
10342,0
10343,2
10344,2
10345,1
10346,0
10347,0
10348,0
10349,1
10350,0
10351,0
10352,1
10353,0
10354,1
10355,2
10356,1
10357,0
10358,0
10359,2
10360,0
10361,2
10362,1
10363,0
10364,0
10365,0
10366,1
10367,1
10368,1
10369,0
10370,2
10371,0
10372,0
10373,2
10374,0
10375,1
10376,0
10377,1
10378,1
10379,1
10380,2
10381,0
10382,0
10383,2
10384,0
10385,0
10386,2
10387,2
10388,1
10389,1
10390,0
10391,0
10392,0
10393,1
10394,0
10395,0
10396,1
10397,1
10398,1
10399,2
10400,0
10401,2
10402,0
10403,0
10404,2
10405,1
10406,0
10407,0
10408,2
10409,0
10410,1
10411,2
10412,1
10413,1
10414,0
10415,1
10416,0
10417,0
10418,0
10419,1
10420,1
10421,2
10422,0
10423,0
10424,0
10425,0
10426,0
10427,0
10428,1
10429,0
10430,1
10431,0
10432,2
10433,0
10434,1
10435,1
10436,2
10437,0
10438,1
10439,0
10440,0
10441,0
10442,0
10443,0
10444,1
10445,1
10446,2
10447,0
10448,2
10449,1
10450,0
10451,0
10452,0
10453,2
10454,0
10455,2
10456,0
10457,1
10458,0
10459,1
10460,0
10461,1
10462,0
10463,0
10464,0
10465,1
10466,0
10467,2
10468,2
10469,2
10470,2
10471,0
10472,0
10473,2
10474,0
10475,1
10476,2
10477,1
10478,0
10479,1
10480,0
10481,0
10482,0
10483,0
10484,1
10485,0
10486,0
10487,0
10488,1
10489,0
10490,2
10491,0
10492,1
10493,1
10494,1
10495,1
10496,2
10497,0
10498,2
10499,0
10500,0
10501,2
10502,0
10503,0
10504,0
10505,1
10506,0
10507,0
10508,2
10509,0
10510,0
10511,0
10512,0
10513,1
10514,0
10515,0
10516,1
10517,0
10518,2
10519,1
10520,2
10521,0
10522,0
10523,2
10524,1
10525,2
10526,0
10527,2
10528,0
10529,1
10530,1
10531,1
10532,2
10533,1
10534,0
10535,0
10536,1
10537,0
10538,1
10539,1
10540,0
10541,0
10542,0
10543,0
10544,0
10545,2
10546,0
10547,0
10548,2
10549,0
10550,1
10551,1
10552,2
10553,1
10554,0
10555,1
10556,0
10557,2
10558,1
10559,0
10560,0
10561,0
10562,0
10563,0
10564,2
10565,1
10566,0
10567,1
10568,1
10569,0
10570,0
10571,2
10572,1
10573,0
10574,0
10575,2
10576,2
10577,0
10578,2
10579,1
10580,0
10581,0
10582,0
10583,0
10584,0
10585,0
10586,1
10587,0
10588,1
10589,0
10590,1
10591,0
10592,0
10593,2
10594,2
10595,2
10596,0
10597,2
10598,0
10599,0
10600,0
10601,2
10602,2
10603,2
10604,1
10605,0
10606,1
10607,2
10608,1
10609,1
10610,0
10611,1
10612,0
10613,1
10614,0
10615,1
10616,2
10617,1
10618,1
10619,2
10620,0
10621,1
10622,1
10623,0
10624,0
10625,2
10626,1
10627,1
10628,0
10629,1
10630,0
10631,2
10632,1
10633,1
10634,1
10635,0
10636,2
10637,1
10638,1
10639,1
10640,0
10641,0
10642,1
10643,0
10644,0
10645,1
10646,2
10647,2
10648,2
10649,2
10650,0
10651,0
10652,0
10653,0
10654,2
10655,2
10656,0
10657,2
10658,0
10659,2
10660,1
10661,2
10662,0
10663,2
10664,1
10665,1
10666,2
10667,0
10668,0
10669,1
10670,0
10671,2
10672,1
10673,1
10674,2
10675,0
10676,0
10677,1
10678,2
10679,1
10680,1
10681,2
10682,0
10683,1
10684,0
10685,2
10686,2
10687,0
10688,1
10689,0
10690,2
10691,0
10692,0
10693,1
10694,1
10695,0
10696,1
10697,2
10698,0
10699,0
10700,0
10701,0
10702,2
10703,2
10704,0
10705,0
10706,0
10707,0
10708,0
10709,1
10710,0
10711,0
10712,1
10713,2
10714,1
10715,0
10716,1
10717,1
10718,0
10719,2
10720,1
10721,2
10722,0
10723,0
10724,2
10725,1
10726,2
10727,2
10728,0
10729,2
10730,0
10731,1
10732,0
10733,1
10734,2
10735,1
10736,1
10737,1
10738,1
10739,0
10740,0
10741,2
10742,0
10743,0
10744,1
10745,1
10746,2
10747,0
10748,1
10749,0
10750,0
10751,0
10752,0
10753,1
10754,0
10755,1
10756,2
10757,2
10758,0
10759,2
10760,0
10761,2
10762,1
10763,0
10764,0
10765,0
10766,0
10767,1
10768,1
10769,0
10770,1
10771,2
10772,2
10773,0
10774,0
10775,1
10776,0
10777,1
10778,0
10779,1
10780,0
10781,2
10782,2
10783,0
10784,0
10785,2
10786,0
10787,0
10788,0
10789,1
10790,2
10791,0
10792,0
10793,2
10794,1
10795,0
10796,0
10797,0
10798,2
10799,0
10800,2
10801,0
10802,0
10803,1
10804,0
10805,1
10806,0
10807,2
10808,1
10809,2
10810,0
10811,2
10812,1
10813,2
10814,2
10815,0
10816,0
10817,1
10818,2
10819,0
10820,1
10821,1
10822,0
10823,0
10824,1
10825,0
10826,0
10827,0
10828,2
10829,0
10830,0
10831,1
10832,0
10833,1
10834,0
10835,2
10836,0
10837,1
10838,0
10839,1
10840,1
10841,0
10842,2
10843,0
10844,1
10845,2
10846,0
10847,0
10848,2
10849,2
10850,1
10851,2
10852,0
10853,0
10854,0
10855,1
10856,1
10857,0
10858,0
10859,2
10860,0
10861,2
10862,0
10863,2
10864,1
10865,1
10866,2
10867,1
10868,1
10869,1
10870,2
10871,0
10872,0
10873,2
10874,0
10875,0
10876,1
10877,0
10878,0
10879,0
10880,1
10881,0
10882,0
10883,0
10884,1
10885,2
10886,0
10887,1
10888,0
10889,1
10890,0
10891,1
10892,2
10893,0
10894,1
10895,2
10896,2
10897,1
10898,1
10899,0
10900,0
10901,2
10902,2
10903,0
10904,0
10905,0
10906,0
10907,0
10908,0
10909,0
10910,2
10911,2
10912,0
10913,2
10914,2
10915,0
10916,0
10917,2
10918,0
10919,0
10920,1
10921,1
10922,2
10923,1
10924,0
10925,0
10926,2
10927,1
10928,0
10929,1
10930,1
10931,0
10932,2
10933,1
10934,0
10935,2
10936,0
10937,2
10938,0
10939,2
10940,0
10941,0
10942,2
10943,2
10944,0
10945,0
10946,2
10947,2
10948,1
10949,0
10950,1
10951,2
10952,1
10953,2
10954,0
10955,0
10956,1
10957,1
10958,1
10959,2
10960,0
10961,2
10962,0
10963,1
10964,0
10965,0
10966,1
10967,1
10968,1
10969,2
10970,1
10971,2
10972,2
10973,2
10974,2
10975,1
10976,0
10977,1
10978,0
10979,0
10980,2
10981,1
10982,1
10983,1
10984,1
10985,0
10986,0
10987,1
10988,1
10989,0
10990,0
10991,2
10992,1
10993,1
10994,0
10995,0
10996,0
10997,1
10998,0
10999,1
11000,1
11001,0
11002,0
11003,0
11004,2
11005,0
11006,1
11007,1
11008,0
11009,0
11010,2
11011,0
11012,2
11013,2
11014,1
11015,0
11016,2
11017,0
11018,0
11019,0
11020,0
11021,0
11022,2
11023,1
11024,1
11025,2
11026,2
11027,1
11028,1
11029,0
11030,0
11031,2
11032,1
11033,2
11034,1
11035,0
11036,0
11037,0
11038,0
11039,2
11040,0
11041,0
11042,2
11043,0
11044,2
11045,0
11046,1
11047,0
11048,0
11049,0
11050,0
11051,1
11052,0
11053,0
11054,0
11055,2
11056,0
11057,0
11058,0
11059,2
11060,2
11061,0
11062,1
11063,2
11064,2
11065,2
11066,1
11067,2
11068,1
11069,1
11070,0
11071,1
11072,2
11073,0
11074,1
11075,1
11076,0
11077,0
11078,2
11079,0
11080,2
11081,0
11082,0
11083,2
11084,2
11085,1
11086,2
11087,1
11088,2
11089,2
11090,1
11091,2
11092,0
11093,0
11094,0
11095,2
11096,0
11097,0
11098,2
11099,1
11100,0
11101,2
11102,0
11103,0
11104,1
11105,2
11106,1
11107,0
11108,2
11109,0
11110,1
11111,0
11112,1
11113,0
11114,0
11115,2
11116,0
11117,1
11118,1
11119,2
11120,0
11121,1
11122,1
11123,0
11124,0
11125,0
11126,1
11127,2
11128,0
11129,1
11130,2
11131,1
11132,1
11133,0
11134,2
11135,0
11136,2
11137,0
11138,0
11139,2
11140,2
11141,0
11142,0
11143,0
11144,0
11145,0
11146,1
11147,0
11148,2
11149,1
11150,0
11151,0
11152,2
11153,0
11154,1
11155,2
11156,0
11157,2
11158,1
11159,0
11160,0
11161,1
11162,0
11163,1
11164,1
11165,1
11166,0
11167,2
11168,0
11169,0
11170,2
11171,0
11172,0
11173,0
11174,1
11175,1
11176,0
11177,0
11178,1
11179,0
11180,0
11181,2
11182,1
11183,1
11184,2
11185,2
11186,2
11187,1
11188,1
11189,2
11190,1
11191,2
11192,0
11193,0
11194,1
11195,0
11196,0
11197,1
11198,0
11199,0
11200,2
11201,1
11202,0
11203,1
11204,0
11205,1
11206,0
11207,0
11208,0
11209,2
11210,1
11211,1
11212,2
11213,2
11214,0
11215,1
11216,2
11217,0
11218,1
11219,1
11220,1
11221,0
11222,1
11223,0
11224,0
11225,0
11226,0
11227,2
11228,0
11229,2
11230,0
11231,1
11232,0
11233,1
11234,0
11235,0
11236,1
11237,1
11238,2
11239,1
11240,2
11241,1
11242,1
11243,1
11244,1
11245,1
11246,2
11247,1
11248,0
11249,0
11250,0
11251,2
11252,1
11253,1
11254,0
11255,1
11256,0
11257,0
11258,0
11259,0
11260,0
11261,1
11262,2
11263,1
11264,0
11265,1
11266,2
11267,2
11268,0
11269,0
11270,2
11271,1
11272,0
11273,0
11274,2
11275,1
11276,1
11277,0
11278,0
11279,0
11280,2
11281,1
11282,0
11283,2
11284,1
11285,0
11286,0
11287,0
11288,1
11289,0
11290,2
11291,0
11292,0
11293,0
11294,0
11295,0
11296,1
11297,0
11298,0
11299,1
11300,0
11301,0
11302,1
11303,0
11304,2
11305,1
11306,1
11307,1
11308,2
11309,0
11310,0
11311,2
11312,2
11313,1
11314,1
11315,1
11316,2
11317,0
11318,0
11319,2
11320,1
11321,0
11322,1
11323,0
11324,0
11325,2
11326,1
11327,0
11328,0
11329,0
11330,0
11331,1
11332,0
11333,2
11334,1
11335,1
11336,1
11337,0
11338,2
11339,1
11340,0
11341,1
11342,0
11343,2
11344,1
11345,2
11346,0
11347,2
11348,1
11349,0
11350,1
11351,2
11352,1
11353,0
11354,2
11355,0
11356,2
11357,1
11358,0
11359,2
11360,0
11361,1
11362,2
11363,2
11364,1
11365,0
11366,0
11367,1
11368,2
11369,0
11370,0
11371,0
11372,0
11373,2
11374,0
11375,1
11376,1
11377,0
11378,0
11379,2
11380,0
11381,0
11382,0
11383,0
11384,2
11385,0
11386,0
11387,1
11388,1
11389,0
11390,0
11391,0
11392,2
11393,1
11394,0
11395,0
11396,2
11397,1
11398,0
11399,0
11400,1
11401,1
11402,2
11403,0
11404,0
11405,0
11406,0
11407,2
11408,0
11409,0
11410,1
11411,0
11412,0
11413,2
11414,0
11415,1
11416,0
11417,1
11418,0
11419,2
11420,0
11421,0
11422,0
11423,0
11424,0
11425,0
11426,2
11427,0
11428,2
11429,0
11430,0
11431,0
11432,1
11433,0
11434,2
11435,1
11436,1
11437,2
11438,0
11439,2
11440,1
11441,1
11442,0
11443,2
11444,1
11445,1
11446,0
11447,0
11448,0
11449,1
11450,1
11451,2
11452,1
11453,0
11454,1
11455,0
11456,1
11457,1
11458,0
11459,1
11460,0
11461,0
11462,0
11463,1
11464,1
11465,2
11466,2
11467,1
11468,2
11469,2
11470,1
11471,1
11472,1
11473,0
11474,0
11475,2
11476,0
11477,0
11478,2
11479,1
11480,0
11481,0
11482,0
11483,2
11484,2
11485,1
11486,2
11487,1
11488,0
11489,2
11490,0
11491,1
11492,1
11493,0
11494,0
11495,2
11496,1
11497,1
11498,0
11499,2
11500,1
11501,2
11502,2
11503,1
11504,1
11505,2
11506,0
11507,0
11508,0
11509,2
11510,1
11511,0
11512,1
11513,0
11514,1
11515,1
11516,0
11517,2
11518,0
11519,2
11520,0
11521,2
11522,0
11523,1
11524,0
11525,1
11526,1
11527,0
11528,1
11529,1
11530,0
11531,2
11532,0
11533,2
11534,1
11535,0
11536,0
11537,2
11538,2
11539,2
11540,0
11541,0
11542,0
11543,0
11544,0
11545,0
11546,2
11547,0
11548,0
11549,2
11550,1
11551,0
11552,0
11553,2
11554,0
11555,0
11556,1
11557,1
11558,2
11559,0
11560,2
11561,0
11562,0
11563,1
11564,2
11565,0
11566,0
11567,0
11568,1
11569,2
11570,0
11571,1
11572,0
11573,2
11574,1
11575,1
11576,0
11577,0
11578,1
11579,1
11580,1
11581,2
11582,0
11583,0
11584,0
11585,2
11586,1
11587,1
11588,0
11589,0
11590,0
11591,2
11592,1
11593,0
11594,2
11595,1
11596,2
11597,0
11598,0
11599,0
11600,0
11601,0
11602,2
11603,0
11604,0
11605,0
11606,2
11607,2
11608,0
11609,2
11610,0
11611,0
11612,0
11613,0
11614,2
11615,2
11616,1
11617,1
11618,1
11619,0
11620,1
11621,1
11622,0
11623,0
11624,2
11625,0
11626,0
11627,2
11628,0
11629,1
11630,0
11631,1
11632,1
11633,1
11634,2
11635,0
11636,1
11637,0
11638,2
11639,0
11640,0
11641,1
11642,1
11643,2
11644,0
11645,2
11646,0
11647,2
11648,2
11649,2
11650,0
11651,0
11652,0
11653,0
11654,2
11655,0
11656,0
11657,0
11658,0
11659,0
11660,2
11661,0
11662,0
11663,1
11664,1
11665,1
11666,1
11667,0
11668,0
11669,1
11670,2
11671,0
11672,1
11673,1
11674,1
11675,0
11676,2
11677,0
11678,1
11679,2
11680,0
11681,1
11682,2
11683,1
11684,0
11685,0
11686,2
11687,1
11688,0
11689,1
11690,2
11691,0
11692,0
11693,1
11694,2
11695,2
11696,1
11697,0
11698,1
11699,0
11700,1
11701,2
11702,0
11703,0
11704,2
11705,0
11706,2
11707,2
11708,0
11709,0
11710,1
11711,1
11712,0
11713,0
11714,1
11715,1
11716,2
11717,1
11718,0
11719,2
11720,0
11721,0
11722,0
11723,1
11724,0
11725,1
11726,0
11727,1
11728,0
11729,1
11730,0
11731,0
11732,2
11733,2
11734,1
11735,0
11736,0
11737,0
11738,1
11739,0
11740,1
11741,0
11742,0
11743,0
11744,1
11745,0
11746,0
11747,0
11748,2
11749,0
11750,2
11751,2
11752,0
11753,2
11754,2
11755,0
11756,0
11757,1
11758,1
11759,0
11760,0
11761,2
11762,2
11763,0
11764,2
11765,1
11766,0
11767,0
11768,1
11769,0
11770,2
11771,0
11772,0
11773,2
11774,1
11775,1
11776,0
11777,0
11778,1
11779,2
11780,1
11781,1
11782,0
11783,0
11784,0
11785,0
11786,0
11787,2
11788,0
11789,0
11790,2
11791,0
11792,2
11793,0
11794,1
11795,1
11796,0
11797,1
11798,0
11799,0
11800,0
11801,2
11802,0
11803,2
11804,2
11805,1
11806,0
11807,0
11808,2
11809,0
11810,1
11811,0
11812,1
11813,0
11814,1
11815,1
11816,1
11817,0
11818,1
11819,1
11820,2
11821,0
11822,0
11823,0
11824,1
11825,0
11826,1
11827,2
11828,0
11829,1
11830,0
11831,1
11832,1
11833,0
11834,1
11835,0
11836,2
11837,0
11838,0
11839,2
11840,0
11841,0
11842,0
11843,2
11844,2
11845,2
11846,2
11847,1
11848,0
11849,0
11850,0
11851,0
11852,0
11853,0
11854,1
11855,1
11856,2
11857,0
11858,0
11859,1
11860,0
11861,0
11862,2
11863,2
11864,1
11865,0
11866,1
11867,0
11868,1
11869,0
11870,1
11871,2
11872,2
11873,1
11874,1
11875,0
11876,0
11877,0
11878,2
11879,0
11880,1
11881,2
11882,0
11883,0
11884,0
11885,2
11886,0
11887,0
11888,2
11889,0
11890,0
11891,1
11892,2
11893,0
11894,0
11895,2
11896,2
11897,1
11898,0
11899,0
11900,1
11901,1
11902,0
11903,1
11904,0
11905,0
11906,0
11907,2
11908,1
11909,1
11910,1
11911,2
11912,0
11913,0
11914,0
11915,2
11916,0
11917,0
11918,2
11919,2
11920,1
11921,0
11922,0
11923,1
11924,0
11925,1
11926,2
11927,0
11928,2
11929,0
11930,1
11931,1
11932,0
11933,1
11934,0
11935,0
11936,0
11937,1
11938,0
11939,1
11940,1
11941,0
11942,2
11943,2
11944,0
11945,0
11946,0
11947,1
11948,1
11949,1
11950,1
11951,2
11952,0
11953,1
11954,2
11955,2
11956,0
11957,2
11958,0
11959,0
11960,0
11961,0
11962,1
11963,2
11964,2
11965,0
11966,0
11967,1
11968,1
11969,1
11970,0
11971,0
11972,1
11973,1
11974,0
11975,1
11976,0
11977,0
11978,0
11979,0
11980,0
11981,1
11982,2
11983,2
11984,2
11985,0
11986,0
11987,2
11988,1
11989,0
11990,2
11991,0
11992,0
11993,0
11994,0
11995,0
11996,0
11997,0
11998,2
11999,1
12000,0
12001,0
12002,1
12003,0
12004,0
12005,1
12006,1
12007,1
12008,2
12009,0
12010,0
12011,0
12012,2
12013,1
12014,0
12015,1
12016,1
12017,0
12018,0
12019,1
12020,2
12021,1
12022,2
12023,1
12024,2
12025,2
12026,2
12027,0
12028,2
12029,0
12030,1
12031,0
12032,0
12033,1
12034,0
12035,0
12036,0
12037,0
12038,0
12039,0
12040,0
12041,0
12042,2
12043,2
12044,2
12045,0
12046,0
12047,0
12048,1
12049,2
12050,1
12051,0
12052,0
12053,0
12054,0
12055,1
12056,2
12057,0
12058,1
12059,0
12060,0
12061,2
12062,0
12063,0
12064,0
12065,0
12066,0
12067,1
12068,2
12069,0
12070,1
12071,0
12072,1
12073,1
12074,1
12075,0
12076,0
12077,0
12078,0
12079,2
12080,2
12081,2
12082,2
12083,0
12084,0
12085,1
12086,1
12087,0
12088,2
12089,0
12090,2
12091,0
12092,0
12093,0
12094,1
12095,0
12096,0
12097,1
12098,2
12099,0
12100,1
12101,1
12102,1
12103,2
12104,0
12105,0
12106,0
12107,0
12108,1
12109,0
12110,1
12111,2
12112,1
12113,0
12114,2
12115,1
12116,0
12117,2
12118,0
12119,0
12120,2
12121,1
12122,1
12123,1
12124,2
12125,1
12126,0
12127,1
12128,0
12129,1
12130,0
12131,0
12132,0
12133,0
12134,0
12135,0
12136,1
12137,0
12138,1
12139,1
12140,1
12141,2
12142,0
12143,0
12144,1
12145,0
12146,1
12147,2
12148,2
12149,0
12150,0
12151,0
12152,1
12153,0
12154,2
12155,0
12156,2
12157,0
12158,0
12159,0
12160,0
12161,0
12162,1
12163,0
12164,0
12165,1
12166,2
12167,1
12168,0
12169,0
12170,1
12171,2
12172,2
12173,2
12174,1
12175,1
12176,2
12177,2
12178,0
12179,0
12180,0
12181,2
12182,2
12183,1
12184,1
12185,0
12186,2
12187,1
12188,0
12189,0
12190,1
12191,2
12192,0
12193,1
12194,0
12195,0
12196,0
12197,0
12198,2
12199,0
12200,0
12201,2
12202,1
12203,0
12204,1
12205,2
12206,2
12207,1
12208,1
12209,0
12210,0
12211,0
12212,0
12213,0
12214,0
12215,0
12216,0
12217,0
12218,2
12219,0
12220,0
12221,2
12222,0
12223,0
12224,2
12225,2
12226,1
12227,0
12228,2
12229,1
12230,0
12231,2
12232,2
12233,1
12234,1
12235,2
12236,0
12237,2
12238,0
12239,1
12240,1
12241,1
12242,2
12243,2
12244,2
12245,2
12246,0
12247,0
12248,2
12249,0
12250,0
12251,0
12252,0
12253,0
12254,1
12255,1
12256,0
12257,1
12258,0
12259,0
12260,0
12261,1
12262,0
12263,0
12264,1
12265,1
12266,2
12267,0
12268,0
12269,0
12270,1
12271,1
12272,0
12273,2
12274,2
12275,1
12276,2
12277,0
12278,1
12279,2
12280,0
12281,0
12282,2
12283,0
12284,1
12285,1
12286,0
12287,0
12288,0
12289,0
12290,1
12291,1
12292,0
12293,0
12294,0
12295,0
12296,1
12297,0
12298,0
12299,1
12300,1
12301,0
12302,1
12303,0
12304,2
12305,1
12306,0
12307,0
12308,0
12309,1
12310,1
12311,1
12312,1
12313,0
12314,0
12315,1
12316,1
12317,0
12318,0
12319,0
12320,1
12321,1
12322,1
12323,1
12324,1
12325,0
12326,2
12327,2
12328,0
12329,1
12330,0
12331,2
12332,0
12333,0
12334,2
12335,1
12336,0
12337,1
12338,2
12339,0
12340,1
12341,0
12342,1
12343,0
12344,1
12345,0
12346,0
12347,2
12348,2
12349,0
12350,1
12351,2
12352,2
12353,0
12354,1
12355,0
12356,1
12357,0
12358,0
12359,0
12360,1
12361,1
12362,1
12363,2
12364,0
12365,0
12366,1
12367,0
12368,2
12369,0
12370,1
12371,1
12372,2
12373,1
12374,0
12375,0
12376,1
12377,0
12378,1
12379,2
12380,2
12381,0
12382,0
12383,1
12384,1
12385,0
12386,1
12387,2
12388,0
12389,0
12390,2
12391,0
12392,0
12393,0
12394,1
12395,1
12396,2
12397,0
12398,2
12399,0
12400,2
12401,1
12402,1
12403,0
12404,1
12405,0
12406,0
12407,1
12408,2
12409,0
12410,2
12411,0
12412,0
12413,0
12414,1
12415,2
12416,1
12417,2
12418,0
12419,0
12420,1
12421,2
12422,2
12423,1
12424,0
12425,1
12426,0
12427,2
12428,0
12429,0
12430,0
12431,0
12432,2
12433,2
12434,0
12435,2
12436,0
12437,1
12438,2
12439,0
12440,2
12441,2
12442,1
12443,2
12444,0
12445,0
12446,0
12447,1
12448,1
12449,0
12450,0
12451,0
12452,0
12453,0
12454,0
12455,1
12456,0
12457,0
12458,0
12459,2
12460,2
12461,2
12462,0
12463,1
12464,2
12465,0
12466,0
12467,1
12468,2
12469,1
12470,0
12471,1
12472,2
12473,2
12474,0
12475,0
12476,0
12477,0
12478,2
12479,1
12480,1
12481,0
12482,0
12483,1
12484,0
12485,1
12486,0
12487,1
12488,0
12489,0
12490,1
12491,0
12492,0
12493,0
12494,0
12495,0
12496,0
12497,0
12498,1
12499,0
12500,0
12501,0
12502,0
12503,2
12504,0
12505,0
12506,2
12507,0
12508,1
12509,0
12510,2
12511,0
12512,0
12513,0
12514,0
12515,2
12516,2
12517,0
12518,0
12519,1
12520,1
12521,2
12522,1
12523,1
12524,0
12525,0
12526,1
12527,1
12528,2
12529,0
12530,0
12531,1
12532,0
12533,0
12534,2
12535,1
12536,0
12537,0
12538,0
12539,2
12540,2
12541,0
12542,1
12543,0
12544,1
12545,0
12546,0
12547,0
12548,0
12549,2
12550,0
12551,1
12552,2
12553,1
12554,1
12555,0
12556,0
12557,0
12558,1
12559,2
12560,1
12561,1
12562,0
12563,0
12564,0
12565,0
12566,0
12567,2
12568,1
12569,1
12570,0
12571,0
12572,0
12573,2
12574,1
12575,2
12576,1
12577,1
12578,0
12579,1
12580,0
12581,0
12582,2
12583,1
12584,0
12585,0
12586,1
12587,0
12588,2
12589,2
12590,0
12591,0
12592,1
12593,2
12594,2
12595,1
12596,1
12597,2
12598,1
12599,0
12600,1
12601,0
12602,1
12603,2
12604,0
12605,2
12606,2
12607,1
12608,0
12609,2
12610,0
12611,0
12612,2
12613,1
12614,0
12615,0
12616,0
12617,0
12618,1
12619,0
12620,0
12621,1
12622,1
12623,1
12624,1
12625,1
12626,2
12627,1
12628,1
12629,1
12630,0
12631,1
12632,2
12633,2
12634,2
12635,2
12636,1
12637,1
12638,0
12639,2
12640,1
12641,1
12642,2
12643,0
12644,0
12645,1
12646,1
12647,1
12648,2
12649,0
12650,0
12651,2
12652,0
12653,0
12654,1
12655,2
12656,0
12657,1
12658,0
12659,0
12660,2
12661,1
12662,1
12663,0
12664,0
12665,0
12666,1
12667,2
12668,0
12669,2
12670,2
12671,1
12672,0
12673,0
12674,0
12675,1
12676,2
12677,1
12678,1
12679,0
12680,0
12681,0
12682,0
12683,0
12684,0
12685,1
12686,2
12687,1
12688,0
12689,0
12690,2
12691,0
12692,2
12693,0
12694,0
12695,2
12696,0
12697,2
12698,2
12699,1
12700,1
12701,0
12702,0
12703,0
12704,0
12705,0
12706,1
12707,2
12708,0
12709,0
12710,2
12711,0
12712,0
12713,1
12714,2
12715,0
12716,1
12717,1
12718,0
12719,2
12720,1
12721,0
12722,1
12723,0
12724,0
12725,1
12726,0
12727,2
12728,0
12729,1
12730,1
12731,0
12732,0
12733,0
12734,2
12735,2
12736,0
12737,0
12738,1
12739,0
12740,1
12741,1
12742,0
12743,0
12744,2
12745,2
12746,2
12747,2
12748,1
12749,0
12750,0
12751,2
12752,1
12753,1
12754,1
12755,2
12756,2
12757,0
12758,0
12759,0
12760,2
12761,1
12762,1
12763,1
12764,0
12765,2
12766,0
12767,0
12768,1
12769,1
12770,0
12771,1
12772,0
12773,1
12774,0
12775,0
12776,0
12777,0
12778,1
12779,2
12780,1
12781,1
12782,0
12783,0
12784,0
12785,1
12786,0
12787,2
12788,0
12789,0
12790,1
12791,0
12792,0
12793,2
12794,2
12795,2
12796,0
12797,2
12798,2
12799,1
12800,0
12801,1
12802,2
12803,1
12804,0
12805,0
12806,1
12807,2
12808,0
12809,1
12810,1
12811,0
12812,0
12813,1
12814,2
12815,2
12816,2
12817,0
12818,2
12819,2
12820,0
12821,2
12822,1
12823,0
12824,1
12825,0
12826,0
12827,0
12828,1
12829,1
12830,1
12831,0
12832,0
12833,0
12834,0
12835,0
12836,0
12837,0
12838,1
12839,1
12840,1
12841,2
12842,2
12843,1
12844,2
12845,2
12846,2
12847,1
12848,1
12849,1
12850,0
12851,0
12852,0
12853,0
12854,1
12855,2
12856,2
12857,0
12858,1
12859,0
12860,1
12861,1
12862,1
12863,1
12864,2
12865,0
12866,0
12867,1
12868,0
12869,0
12870,0
12871,0
12872,1
12873,0
12874,0
12875,0
12876,1
12877,0
12878,1
12879,1
12880,0
12881,0
12882,2
12883,0
12884,2
12885,0
12886,1
12887,2
12888,1
12889,0
12890,2
12891,1
12892,2
12893,2
12894,1
12895,2
12896,0
12897,2
12898,1
12899,1
12900,0
12901,1
12902,2
12903,1
12904,0
12905,2
12906,2
12907,0
12908,1
12909,1
12910,0
12911,0
12912,2
12913,2
12914,1
12915,2
12916,1
12917,1
12918,0
12919,2
12920,2
12921,0
12922,0
12923,0
12924,0
12925,1
12926,0
12927,2
12928,1
12929,1
12930,0
12931,1
12932,1
12933,0
12934,2
12935,0
12936,0
12937,0
12938,0
12939,0
12940,0
12941,0
12942,1
12943,0
12944,1
12945,0
12946,0
12947,2
12948,1
12949,0
12950,1
12951,1
12952,0
12953,2
12954,1
12955,2
12956,2
12957,1
12958,0
12959,0
12960,0
12961,1
12962,0
12963,0
12964,0
12965,0
12966,2
12967,1
12968,1
12969,2
12970,1
12971,2
12972,0
12973,2
12974,0
12975,0
12976,1
12977,2
12978,2
12979,0
12980,0
12981,2
12982,0
12983,2
12984,0
12985,1
12986,2
12987,1
12988,0
12989,2
12990,0
12991,0
12992,1
12993,0
12994,2
12995,0
12996,0
12997,0
12998,0
12999,2
13000,1
13001,2
13002,1
13003,0
13004,1
13005,0
13006,2
13007,0
13008,2
13009,1
13010,0
13011,0
13012,2
13013,0
13014,0
13015,0
13016,1
13017,2
13018,2
13019,0
13020,0
13021,2
13022,0
13023,0
13024,1
13025,1
13026,0
13027,1
13028,0
13029,0
13030,0
13031,0
13032,0
13033,1
13034,0
13035,1
13036,1
13037,0
13038,2
13039,0
13040,0
13041,1
13042,0
13043,2
13044,0
13045,2
13046,0
13047,1
13048,2
13049,0
13050,0
13051,2
13052,1
13053,1
13054,2
13055,0
13056,2
13057,0
13058,1
13059,0
13060,0
13061,0
13062,1
13063,0
13064,1
13065,1
13066,1
13067,2
13068,2
13069,2
13070,0
13071,1
13072,2
13073,1
13074,1
13075,1
13076,0
13077,1
13078,1
13079,2
13080,0
13081,1
13082,0
13083,2
13084,2
13085,0
13086,1
13087,0
13088,0
13089,2
13090,2
13091,2
13092,2
13093,0
13094,2
13095,1
13096,0
13097,1
13098,0
13099,0
13100,2
13101,0
13102,2
13103,0
13104,1
13105,0
13106,0
13107,2
13108,0
13109,0
13110,2
13111,1
13112,1
13113,0
13114,0
13115,0
13116,0
13117,0
13118,0
13119,2
13120,2
13121,2
13122,2
13123,1
13124,0
13125,1
13126,0
13127,0
13128,0
13129,0
13130,1
13131,2
13132,1
13133,0
13134,1
13135,2
13136,0
13137,2
13138,1
13139,1
13140,1
13141,2
13142,0
13143,0
13144,0
13145,0
13146,1
13147,2
13148,1
13149,2
13150,0
13151,2
13152,1
13153,0
13154,0
13155,0
13156,1
13157,0
13158,0
13159,2
13160,0
13161,2
13162,0
13163,0
13164,0
13165,1
13166,2
13167,0
13168,0
13169,0
13170,0
13171,0
13172,1
13173,0
13174,0
13175,1
13176,0
13177,1
13178,0
13179,0
13180,0
13181,0
13182,1
13183,0
13184,0
13185,0
13186,1
13187,0
13188,0
13189,0
13190,1
13191,1
13192,2
13193,0
13194,2
13195,0
13196,0
13197,2
13198,0
13199,2
13200,2
13201,2
13202,2
13203,0
13204,0
13205,1
13206,0
13207,1
13208,0
13209,2
13210,1
13211,0
13212,1
13213,0
13214,0
13215,1
13216,0
13217,0
13218,0
13219,0
13220,1
13221,0
13222,1
13223,1
13224,1
13225,2
13226,0
13227,1
13228,2
13229,2
13230,0
13231,1
13232,1
13233,2
13234,0
13235,0
13236,1
13237,0
13238,1
13239,0
13240,1
13241,2
13242,0
13243,0
13244,0
13245,0
13246,1
13247,2
13248,1
13249,2
13250,2
13251,0
13252,1
13253,0
13254,0
13255,1
13256,1
13257,2
13258,1
13259,0
13260,2
13261,1
13262,0
13263,0
13264,2
13265,1
13266,0
13267,0
13268,1
13269,0
13270,2
13271,0
13272,1
13273,0
13274,0
13275,1
13276,2
13277,1
13278,2
13279,0
13280,0
13281,1
13282,0
13283,0
13284,1
13285,0
13286,0
13287,0
13288,2
13289,0
13290,1
13291,0
13292,0
13293,0
13294,2
13295,0
13296,2
13297,0
13298,0
13299,0
13300,0
13301,2
13302,1
13303,0
13304,0
13305,1
13306,0
13307,2
13308,2
13309,0
13310,1
13311,0
13312,1
13313,0
13314,0
13315,2
13316,1
13317,1
13318,2
13319,2
13320,0
13321,2
13322,0
13323,0
13324,1
13325,0
13326,2
13327,0
13328,2
13329,0
13330,2
13331,0
13332,2
13333,2
13334,0
13335,2
13336,2
13337,0
13338,2
13339,2
13340,0
13341,0
13342,2
13343,2
13344,0
13345,0
13346,1
13347,0
13348,0
13349,2
13350,2
13351,2
13352,1
13353,2
13354,2
13355,2
13356,1
13357,1
13358,0
13359,0
13360,2
13361,1
13362,2
13363,2
13364,0
13365,0
13366,1
13367,0
13368,0
13369,0
13370,0
13371,1
13372,1
13373,2
13374,1
13375,0
13376,2
13377,2
13378,1
13379,2
13380,1
13381,2
13382,2
13383,1
13384,2
13385,0
13386,0
13387,0
13388,1
13389,0
13390,1
13391,0
13392,0
13393,0
13394,1
13395,1
13396,2
13397,1
13398,0
13399,1
13400,0
13401,0
13402,0
13403,0
13404,0
13405,0
13406,0
13407,0
13408,1
13409,2
13410,1
13411,0
13412,2
13413,0
13414,1
13415,1
13416,0
13417,0
13418,1
13419,0
13420,2
13421,0
13422,0
13423,2
13424,1
13425,2
13426,0
13427,2
13428,0
13429,2
13430,0
13431,0
13432,1
13433,0
13434,0
13435,2
13436,0
13437,1
13438,1
13439,0
13440,2
13441,2
13442,2
13443,1
13444,2
13445,0
13446,0
13447,0
13448,0
13449,1
13450,0
13451,1
13452,0
13453,1
13454,0
13455,0
13456,0
13457,1
13458,1
13459,1
13460,0
13461,1
13462,2
13463,0
13464,0
13465,2
13466,2
13467,2
13468,0
13469,1
13470,1
13471,0
13472,2
13473,1
13474,1
13475,2
13476,0
13477,2
13478,1
13479,2
13480,0
13481,0
13482,1
13483,1
13484,0
13485,0
13486,2
13487,0
13488,0
13489,0
13490,1
13491,0
13492,2
13493,0
13494,1
13495,1
13496,2
13497,1
13498,2
13499,1
13500,0
13501,1
13502,0
13503,1
13504,2
13505,2
13506,2
13507,0
13508,2
13509,2
13510,1
13511,1
13512,2
13513,2
13514,0
13515,2
13516,1
13517,0
13518,2
13519,0
13520,0
13521,1
13522,0
13523,1
13524,0
13525,1
13526,2
13527,1
13528,1
13529,0
13530,0
13531,1
13532,1
13533,1
13534,0
13535,2
13536,0
13537,2
13538,2
13539,0
13540,2
13541,1
13542,0
13543,1
13544,2
13545,1
13546,1
13547,0
13548,1
13549,2
13550,0
13551,0
13552,1
13553,2
13554,0
13555,0
13556,0
13557,1
13558,2
13559,0
13560,1
13561,0
13562,2
13563,1
13564,0
13565,2
13566,0
13567,1
13568,1
13569,0
13570,0
13571,1
13572,1
13573,2
13574,0
13575,0
13576,0
13577,2
13578,0
13579,0
13580,0
13581,2
13582,0
13583,2
13584,0
13585,1
13586,2
13587,0
13588,0
13589,2
13590,0
13591,0
13592,2
13593,1
13594,0
13595,0
13596,0
13597,0
13598,0
13599,2
13600,2
13601,2
13602,2
13603,1
13604,0
13605,2
13606,0
13607,1
13608,0
13609,1
13610,0
13611,2
13612,0
13613,0
13614,0
13615,0
13616,2
13617,1
13618,1
13619,1
13620,2
13621,0
13622,0
13623,0
13624,1
13625,0
13626,2
13627,1
13628,2
13629,1
13630,1
13631,0
13632,1
13633,1
13634,2
13635,2
13636,1
13637,2
13638,2
13639,0
13640,2
13641,2
13642,0
13643,2
13644,0
13645,0
13646,1
13647,0
13648,0
13649,2
13650,0
13651,0
13652,1
13653,0
13654,0
13655,1
13656,2
13657,2
13658,1
13659,0
13660,1
13661,0
13662,0
13663,0
13664,0
13665,2
13666,0
13667,0
13668,1
13669,0
13670,1
13671,2
13672,0
13673,2
13674,2
13675,0
13676,1
13677,2
13678,0
13679,1
13680,0
13681,1
13682,0
13683,0
13684,2
13685,2
13686,0
13687,2
13688,1
13689,2
13690,2
13691,0
13692,1
13693,2
13694,2
13695,0
13696,0
13697,2
13698,0
13699,2
13700,1
13701,2
13702,1
13703,0
13704,2
13705,1
13706,2
13707,2
13708,0
13709,2
13710,0
13711,0
13712,2
13713,0
13714,2
13715,0
13716,1
13717,0
13718,0
13719,2
13720,2
13721,0
13722,1
13723,2
13724,0
13725,0
13726,0
13727,0
13728,0
13729,2
13730,0
13731,1
13732,0
13733,0
13734,0
13735,2
13736,0
13737,0
13738,2
13739,0
13740,2
13741,2
13742,0
13743,1
13744,2
13745,1
13746,0
13747,2
13748,0
13749,2
13750,1
13751,1
13752,2
13753,0
13754,1
13755,0
13756,2
13757,0
13758,1
13759,2
13760,1
13761,1
13762,2
13763,0
13764,0
13765,2
13766,1
13767,1
13768,2
13769,0
13770,0
13771,0
13772,2
13773,1
13774,2
13775,1
13776,0
13777,2
13778,2
13779,0
13780,1
13781,2
13782,1
13783,2
13784,0
13785,2
13786,0
13787,0
13788,2
13789,2
13790,1
13791,2
13792,1
13793,1
13794,0
13795,2
13796,0
13797,0
13798,0
13799,2
13800,0
13801,0
13802,2
13803,0
13804,1
13805,0
13806,1
13807,1
13808,1
13809,2
13810,1
13811,2
13812,1
13813,0
13814,0
13815,2
13816,1
13817,0
13818,1
13819,0
13820,2
13821,1
13822,1
13823,0
13824,2
13825,1
13826,1
13827,0
13828,1
13829,1
13830,0
13831,1
13832,0
13833,2
13834,1
13835,0
13836,1
13837,2
13838,0
13839,0
13840,2
13841,0
13842,0
13843,1
13844,1
13845,0
13846,2
13847,2
13848,0
13849,0
13850,2
13851,1
13852,1
13853,2
13854,0
13855,1
13856,1
13857,0
13858,0
13859,2
13860,0
13861,0
13862,0
13863,2
13864,0
13865,0
13866,2
13867,2
13868,1
13869,0
13870,0
13871,2
13872,1
13873,0
13874,2
13875,1
13876,0
13877,1
13878,0
13879,0
13880,1
13881,0
13882,0
13883,1
13884,0
13885,1
13886,2
13887,1
13888,2
13889,1
13890,0
13891,0
13892,0
13893,0
13894,2
13895,2
13896,1
13897,1
13898,0
13899,0
13900,2
13901,1
13902,0
13903,2
13904,2
13905,2
13906,1
13907,1
13908,0
13909,0
13910,2
13911,0
13912,1
13913,0
13914,2
13915,1
13916,0
13917,0
13918,1
13919,2
13920,0
13921,0
13922,0
13923,0
13924,0
13925,1
13926,1
13927,0
13928,2
13929,2
13930,2
13931,0
13932,1
13933,2
13934,0
13935,0
13936,0
13937,0
13938,1
13939,2
13940,1
13941,0
13942,0
13943,1
13944,0
13945,0
13946,2
13947,2
13948,1
13949,2
13950,0
13951,0
13952,1
13953,2
13954,0
13955,1
13956,0
13957,1
13958,0
13959,1
13960,1
13961,0
13962,1
13963,1
13964,0
13965,1
13966,0
13967,2
13968,0
13969,0
13970,2
13971,0
13972,1
13973,0
13974,2
13975,1
13976,2
13977,0
13978,1
13979,0
13980,2
13981,0
13982,2
13983,2
13984,2
13985,0
13986,0
13987,2
13988,0
13989,2
13990,2
13991,1
13992,2
13993,1
13994,2
13995,2
13996,1
13997,0
13998,1
13999,2
14000,0
14001,2
14002,2
14003,0
14004,1
14005,0
14006,1
14007,0
14008,1
14009,0
14010,1
14011,0
14012,0
14013,0
14014,0
14015,0
14016,1
14017,2
14018,1
14019,1
14020,0
14021,2
14022,2
14023,2
14024,0
14025,0
14026,0
14027,1
14028,0
14029,0
14030,1
14031,2
14032,1
14033,0
14034,1
14035,2
14036,1
14037,2
14038,0
14039,2
14040,1
14041,1
14042,1
14043,1
14044,2
14045,0
14046,0
14047,2
14048,1
14049,1
14050,0
14051,0
14052,0
14053,0
14054,1
14055,1
14056,1
14057,1
14058,0
14059,0
14060,2
14061,0
14062,1
14063,2
14064,2
14065,1
14066,2
14067,0
14068,1
14069,1
14070,2
14071,1
14072,1
14073,1
14074,0
14075,0
14076,1
14077,0
14078,0
14079,0
14080,0
14081,0
14082,0
14083,2
14084,0
14085,2
14086,0
14087,2
14088,0
14089,2
14090,2
14091,2
14092,0
14093,1
14094,1
14095,2
14096,2
14097,0
14098,1
14099,1
14100,1
14101,0
14102,2
14103,0
14104,0
14105,2
14106,0
14107,0
14108,2
14109,0
14110,1
14111,0
14112,2
14113,1
14114,0
14115,1
14116,1
14117,2
14118,0
14119,0
14120,1
14121,0
14122,2
14123,0
14124,0
14125,0
14126,1
14127,1
14128,0
14129,2
14130,1
14131,0
14132,1
14133,1
14134,2
14135,0
14136,2
14137,2
14138,0
14139,1
14140,0
14141,1
14142,1
14143,0
14144,0
14145,1
14146,0
14147,0
14148,2
14149,0
14150,0
14151,2
14152,0
14153,2
14154,1
14155,2
14156,1
14157,2
14158,1
14159,1
14160,1
14161,0
14162,2
14163,0
14164,0
14165,0
14166,0
14167,2
14168,1
14169,0
14170,0
14171,0
14172,0
14173,0
14174,2
14175,1
14176,0
14177,0
14178,1
14179,1
14180,2
14181,0
14182,1
14183,1
14184,2
14185,0
14186,0
14187,2
14188,0
14189,1
14190,0
14191,1
14192,2
14193,2
14194,1
14195,1
14196,0
14197,2
14198,0
14199,1
14200,0
14201,2
14202,0
14203,1
14204,0
14205,0
14206,0
14207,1
14208,1
14209,2
14210,1
14211,2
14212,2
14213,0
14214,0
14215,2
14216,1
14217,0
14218,2
14219,1
14220,1
14221,0
14222,0
14223,0
14224,1
14225,2
14226,0
14227,0
14228,2
14229,0
14230,1
14231,0
14232,0
14233,0
14234,1
14235,0
14236,1
14237,0
14238,1
14239,0
14240,0
14241,2
14242,1
14243,0
14244,1
14245,0
14246,1
14247,1
14248,0
14249,0
14250,0
14251,1
14252,1
14253,1
14254,0
14255,1
14256,2
14257,1
14258,2
14259,2
14260,1
14261,0
14262,1
14263,0
14264,0
14265,2
14266,1
14267,0
14268,1
14269,1
14270,0
14271,0
14272,1
14273,2
14274,2
14275,0
14276,1
14277,0
14278,1
14279,0
14280,2
14281,2
14282,1
14283,0
14284,0
14285,1
14286,1
14287,1
14288,0
14289,0
14290,1
14291,2
14292,0
14293,2
14294,2
14295,1
14296,1
14297,0
14298,2
14299,0
14300,1
14301,0
14302,0
14303,2
14304,1
14305,1
14306,0
14307,2
14308,0
14309,0
14310,0
14311,0
14312,0
14313,0
14314,1
14315,0
14316,0
14317,0
14318,1
14319,0
14320,1
14321,0
14322,2
14323,2
14324,1
14325,0
14326,2
14327,1
14328,0
14329,0
14330,0
14331,1
14332,1
14333,0
14334,0
14335,1
14336,0
14337,0
14338,1
14339,1
14340,1
14341,1
14342,0
14343,2
14344,0
14345,1
14346,1
14347,0
14348,2
14349,2
14350,1
14351,0
14352,2
14353,0
14354,1
14355,1
14356,0
14357,0
14358,0
14359,1
14360,2
14361,0
14362,1
14363,0
14364,0
14365,2
14366,2
14367,1
14368,1
14369,1
14370,0
14371,2
14372,2
14373,0
14374,1
14375,2
14376,1
14377,1
14378,1
14379,0
14380,2
14381,0
14382,0
14383,2
14384,0
14385,2
14386,0
14387,2
14388,0
14389,1
14390,0
14391,0
14392,0
14393,1
14394,0
14395,0
14396,1
14397,2
14398,0
14399,0
14400,1
14401,1
14402,2
14403,1
14404,0
14405,2
14406,0
14407,0
14408,1
14409,0
14410,0
14411,0
14412,0
14413,0
14414,0
14415,1
14416,0
14417,2
14418,0
14419,1
14420,1
14421,2
14422,1
14423,2
14424,0
14425,0
14426,2
14427,1
14428,0
14429,2
14430,0
14431,2
14432,1
14433,1
14434,0
14435,0
14436,1
14437,2
14438,2
14439,0
14440,1
14441,2
14442,1
14443,0
14444,0
14445,0
14446,2
14447,0
14448,1
14449,0
14450,0
14451,0
14452,0
14453,0
14454,0
14455,0
14456,0
14457,2
14458,1
14459,2
14460,0
14461,2
14462,0
14463,1
14464,1
14465,1
14466,1
14467,0
14468,2
14469,2
14470,1
14471,2
14472,2
14473,0
14474,0
14475,1
14476,0
14477,0
14478,1
14479,1
14480,1
14481,0
14482,2
14483,2
14484,0
14485,2
14486,2
14487,0
14488,0
14489,1
14490,2
14491,0
14492,2
14493,1
14494,0
14495,0
14496,0
14497,0
14498,0
14499,1
14500,0
14501,2
14502,2
14503,2
14504,2
14505,1
14506,1
14507,0
14508,2
14509,0
14510,2
14511,1
14512,0
14513,1
14514,0
14515,1
14516,0
14517,0
14518,2
14519,1
14520,0
14521,0
14522,1
14523,1
14524,0
14525,0
14526,1
14527,2
14528,1
14529,0
14530,0
14531,0
14532,2
14533,2
14534,1
14535,2
14536,0
14537,1
14538,1
14539,0
14540,0
14541,1
14542,2
14543,2
14544,1
14545,1
14546,2
14547,1
14548,2
14549,1
14550,0
14551,0
14552,0
14553,1
14554,0
14555,2
14556,0
14557,0
14558,0
14559,0
14560,0
14561,2
14562,0
14563,0
14564,0
14565,1
14566,0
14567,2
14568,2
14569,1
14570,0
14571,1
14572,2
14573,1
14574,1
14575,1
14576,1
14577,1
14578,0
14579,0
14580,2
14581,0
14582,0
14583,0
14584,1
14585,2
14586,0
14587,2
14588,1
14589,2
14590,0
14591,0
14592,1
14593,0
14594,1
14595,0
14596,2
14597,2
14598,1
14599,0
14600,0
14601,1
14602,0
14603,0
14604,1
14605,2
14606,2
14607,2
14608,1
14609,0
14610,0
14611,1
14612,2
14613,2
14614,1
14615,0
14616,0
14617,1
14618,0
14619,0
14620,0
14621,0
14622,2
14623,1
14624,2
14625,1
14626,2
14627,0
14628,0
14629,0
14630,0
14631,0
14632,2
14633,2
14634,0
14635,1
14636,0
14637,2
14638,1
14639,0
14640,2
14641,2
14642,1
14643,0
14644,2
14645,0
14646,0
14647,2
14648,2
14649,0
14650,0
14651,0
14652,0
14653,0
14654,0
14655,0
14656,0
14657,2
14658,2
14659,0
14660,2
14661,1
14662,1
14663,2
14664,0
14665,0
14666,0
14667,2
14668,0
14669,0
14670,0
14671,2
14672,0
14673,1
14674,0
14675,1
14676,0
14677,1
14678,1
14679,0
14680,2
14681,0
14682,2
14683,1
14684,1
14685,0
14686,2
14687,1
14688,0
14689,2
14690,0
14691,0
14692,0
14693,2
14694,0
14695,0
14696,0
14697,0
14698,0
14699,0
14700,0
14701,0
14702,2
14703,0
14704,0
14705,0
14706,0
14707,2
14708,1
14709,2
14710,1
14711,0
14712,1
14713,0
14714,2
14715,0
14716,0
14717,1
14718,1
14719,0
14720,0
14721,0
14722,0
14723,0
14724,1
14725,2
14726,0
14727,1
14728,2
14729,2
14730,0
14731,2
14732,0
14733,2
14734,1
14735,0
14736,0
14737,0
14738,0
14739,2
14740,0
14741,0
14742,2
14743,0
14744,2
14745,0
14746,1
14747,0
14748,2
14749,2
14750,2
14751,1
14752,0
14753,0
14754,1
14755,2
14756,2
14757,0
14758,2
14759,0
14760,2
14761,0
14762,2
14763,0
14764,0
14765,2
14766,0
14767,1
14768,1
14769,1
14770,0
14771,0
14772,1
14773,0
14774,0
14775,0
14776,0
14777,0
14778,1
14779,0
14780,1
14781,2
14782,0
14783,0
14784,0
14785,0
14786,1
14787,1
14788,0
14789,0
14790,2
14791,1
14792,0
14793,0
14794,1
14795,1
14796,0
14797,0
14798,2
14799,0
14800,2
14801,2
14802,1
14803,1
14804,0
14805,0
14806,0
14807,2
14808,2
14809,0
14810,2
14811,0
14812,1
14813,0
14814,2
14815,0
14816,2
14817,0
14818,1
14819,2
14820,0
14821,1
14822,0
14823,2
14824,1
14825,2
14826,0
14827,1
14828,0
14829,2
14830,0
14831,1
14832,2
14833,0
14834,0
14835,0
14836,0
14837,0
14838,1
14839,0
14840,1
14841,0
14842,0
14843,0
14844,0
14845,1
14846,0
14847,1
14848,1
14849,1
14850,2
14851,2
14852,1
14853,0
14854,2
14855,0
14856,2
14857,2
14858,1
14859,1
14860,1
14861,0
14862,0
14863,0
14864,0
14865,2
14866,2
14867,2
14868,1
14869,0
14870,0
14871,0
14872,1
14873,0
14874,2
14875,0
14876,2
14877,1
14878,1
14879,0
14880,1
14881,0
14882,0
14883,0
14884,2
14885,2
14886,0
14887,0
14888,1
14889,0
14890,1
14891,2
14892,1
14893,0
14894,0
14895,1
14896,1
14897,0
14898,0
14899,2
14900,0
14901,0
14902,2
14903,2
14904,1
14905,2
14906,0
14907,2
14908,0
14909,0
14910,2
14911,1
14912,0
14913,1
14914,1
14915,0
14916,0
14917,0
14918,2
14919,0
14920,2
14921,0
14922,0
14923,0
14924,0
14925,1
14926,0
14927,0
14928,2
14929,1
14930,1
14931,0
14932,2
14933,1
14934,0
14935,0
14936,0
14937,1
14938,2
14939,0
14940,2
14941,2
14942,0
14943,0
14944,2
14945,1
14946,2
14947,2
14948,0
14949,2
14950,0
14951,1
14952,2
14953,1
14954,0
14955,0
14956,0
14957,0
14958,1
14959,0
14960,0
14961,1
14962,1
14963,0
14964,1
14965,1
14966,0
14967,2
14968,0
14969,0
14970,0
14971,1
14972,0
14973,2
14974,0
14975,0
14976,0
14977,1
14978,1
14979,2
14980,0
14981,0
14982,0
14983,2
14984,0
14985,2
14986,0
14987,1
14988,1
14989,2
14990,1
14991,0
14992,1
14993,2
14994,0
14995,0
14996,0
14997,0
14998,1
14999,2
15000,1
15001,0
15002,1
15003,1
15004,0
15005,2
15006,0
15007,0
15008,0
15009,1
15010,2
15011,0
15012,2
15013,2
15014,1
15015,0
15016,2
15017,1
15018,2
15019,1
15020,2
15021,2
15022,0
15023,0
15024,0
15025,0
15026,1
15027,1
15028,1
15029,0
15030,0
15031,0
15032,0
15033,0
15034,0
15035,1
15036,0
15037,0
15038,2
15039,2
15040,1
15041,1
15042,0
15043,0
15044,1
15045,2
15046,2
15047,0
15048,1
15049,0
15050,0
15051,2
15052,0
15053,1
15054,1
15055,2
15056,1
15057,0
15058,2
15059,1
15060,2
15061,1
15062,0
15063,2
15064,0
15065,0
15066,0
15067,1
15068,0
15069,0
15070,1
15071,1
15072,0
15073,1
15074,0
15075,2
15076,2
15077,0
15078,0
15079,1
15080,0
15081,2
15082,0
15083,1
15084,0
15085,2
15086,1
15087,0
15088,1
15089,0
15090,1
15091,2
15092,0
15093,2
15094,1
15095,2
15096,0
15097,0
15098,2
15099,1
15100,2
15101,1
15102,2
15103,2
15104,2
15105,2
15106,0
15107,2
15108,0
15109,2
15110,0
15111,2
15112,0
15113,2
15114,0
15115,1
15116,0
15117,2
15118,1
15119,2
15120,1
15121,0
15122,0
15123,1
15124,0
15125,1
15126,1
15127,0
15128,0
15129,1
15130,1
15131,2
15132,0
15133,0
15134,1
15135,0
15136,0
15137,2
15138,0
15139,0
15140,0
15141,2
15142,1
15143,2
15144,0
15145,1
15146,2
15147,0
15148,2
15149,2
15150,0
15151,0
15152,2
15153,0
15154,2
15155,0
15156,2
15157,0
15158,2
15159,1
15160,0
15161,0
15162,0
15163,0
15164,1
15165,1
15166,1
15167,2
15168,0
15169,1
15170,1
15171,0
15172,2
15173,0
15174,1
15175,2
15176,0
15177,0
15178,1
15179,0
15180,0
15181,2
15182,0
15183,0
15184,0
15185,0
15186,2
15187,0
15188,1
15189,1
15190,0
15191,1
15192,2
15193,2
15194,2
15195,2
15196,0
15197,1
15198,0
15199,1
15200,2
15201,0
15202,0
15203,0
15204,0
15205,0
15206,2
15207,0
15208,2
15209,0
15210,1
15211,0
15212,2
15213,2
15214,1
15215,0
15216,0
15217,2
15218,1
15219,0
15220,0
15221,0
15222,0
15223,0
15224,0
15225,1
15226,0
15227,1
15228,0
15229,1
15230,0
15231,0
15232,1
15233,0
15234,1
15235,1
15236,0
15237,0
15238,0
15239,0
15240,2
15241,0
15242,0
15243,0
15244,0
15245,0
15246,0
15247,2
15248,0
15249,2
15250,1
15251,0
15252,2
15253,0
15254,1
15255,0
15256,1
15257,0
15258,2
15259,1
15260,0
15261,1
15262,2
15263,0
15264,0
15265,2
15266,0
15267,0
15268,2
15269,2
15270,0
15271,2
15272,0
15273,1
15274,0
15275,2
15276,0
15277,1
15278,0
15279,1
15280,0
15281,2
15282,0
15283,0
15284,0
15285,2
15286,2
15287,0
15288,0
15289,0
15290,2
15291,1
15292,0
15293,1
15294,0
15295,0
15296,1
15297,2
15298,0
15299,1
15300,0
15301,0
15302,0
15303,1
15304,1
15305,2
15306,0
15307,2
15308,1
15309,0
15310,2
15311,1
15312,0
15313,0
15314,0
15315,2
15316,2
15317,2
15318,1
15319,2
15320,1
15321,0
15322,0
15323,0
15324,0
15325,0
15326,0
15327,0
15328,0
15329,0
15330,1
15331,0
15332,2
15333,0
15334,0
15335,2
15336,0
15337,0
15338,0
15339,1
15340,2
15341,0
15342,2
15343,0
15344,2
15345,0
15346,0
15347,0
15348,0
15349,0
15350,2
15351,1
15352,0
15353,0
15354,2
15355,1
15356,2
15357,0
15358,0
15359,0
15360,0
15361,1
15362,0
15363,0
15364,0
15365,0
15366,0
15367,1
15368,0
15369,1
15370,2
15371,0
15372,0
15373,2
15374,1
15375,0
15376,0
15377,1
15378,0
15379,1
15380,2
15381,0
15382,0
15383,1
15384,1
15385,0
15386,0
15387,1
15388,2
15389,0
15390,2
15391,1
15392,0
15393,0
15394,0
15395,0
15396,2
15397,2
15398,2
15399,1
15400,0
15401,0
15402,1
15403,1
15404,1
15405,1
15406,2
15407,2
15408,0
15409,2
15410,1
15411,0
15412,0
15413,2
15414,0
15415,0
15416,0
15417,0
15418,1
15419,2
15420,1
15421,0
15422,0
15423,2
15424,0
15425,1
15426,0
15427,1
15428,0
15429,0
15430,1
15431,0
15432,0
15433,0
15434,0
15435,2
15436,1
15437,0
15438,0
15439,2
15440,2
15441,0
15442,1
15443,1
15444,1
15445,2
15446,1
15447,0
15448,2
15449,0
15450,0
15451,1
15452,1
15453,0
15454,2
15455,0
15456,0
15457,2
15458,0
15459,2
15460,2
15461,1
15462,0
15463,0
15464,2
15465,2
15466,2
15467,0
15468,0
15469,2
15470,0
15471,1
15472,0
15473,2
15474,2
15475,0
15476,2
15477,0
15478,0
15479,1
15480,2
15481,0
15482,1
15483,1
15484,0
15485,1
15486,0
15487,0
15488,0
15489,0
15490,1
15491,1
15492,1
15493,0
15494,2
15495,1
15496,1
15497,1
15498,0
15499,2
15500,0
15501,1
15502,1
15503,1
15504,0
15505,0
15506,1
15507,1
15508,0
15509,0
15510,2
15511,2
15512,0
15513,2
15514,2
15515,0
15516,0
15517,0
15518,1
15519,0
15520,0
15521,0
15522,0
15523,1
15524,0
15525,2
15526,1
15527,0
15528,1
15529,1
15530,1
15531,0
15532,1
15533,1
15534,2
15535,1
15536,2
15537,0
15538,0
15539,0
15540,0
15541,1
15542,0
15543,1
15544,0
15545,0
15546,2
15547,0
15548,0
15549,0
15550,2
15551,0
15552,0
15553,1
15554,0
15555,0
15556,1
15557,2
15558,2
15559,0
15560,0
15561,0
15562,1
15563,0
15564,0
15565,0
15566,1
15567,1
15568,0
15569,0
15570,2
15571,0
15572,0
15573,1
15574,0
15575,0
15576,0
15577,2
15578,0
15579,2
15580,1
15581,2
15582,1
15583,2
15584,0
15585,2
15586,2
15587,0
15588,0
15589,1
15590,0
15591,0
15592,0
15593,0
15594,0
15595,0
15596,2
15597,2
15598,0
15599,2
15600,1
15601,1
15602,0
15603,0
15604,0
15605,2
15606,0
15607,0
15608,2
15609,0
15610,2
15611,1
15612,1
15613,0
15614,0
15615,1
15616,1
15617,1
15618,0
15619,0
15620,0
15621,2
15622,0
15623,1
15624,2
15625,0
15626,0
15627,0
15628,1
15629,0
15630,1
15631,2
15632,0
15633,2
15634,0
15635,0
15636,0
15637,1
15638,2
15639,1
15640,0
15641,0
15642,0
15643,1
15644,1
15645,0
15646,0
15647,1
15648,0
15649,1
15650,0
15651,0
15652,1
15653,2
15654,1
15655,2
15656,2
15657,0
15658,0
15659,0
15660,0
15661,2
15662,0
15663,2
15664,2
15665,1
15666,1
15667,0
15668,1
15669,1
15670,0
15671,2
15672,0
15673,0
15674,2
15675,0
15676,2
15677,0
15678,2
15679,2
15680,0
15681,2
15682,2
15683,0
15684,2
15685,0
15686,1
15687,1
15688,1
15689,1
15690,2
15691,0
15692,1
15693,2
15694,0
15695,2
15696,2
15697,0
15698,0
15699,0
15700,2
15701,0
15702,0
15703,1
15704,0
15705,0
15706,1
15707,0
15708,1
15709,0
15710,0
15711,2
15712,2
15713,0
15714,0
15715,1
15716,1
15717,2
15718,2
15719,1
15720,2
15721,0
15722,1
15723,2
15724,2
15725,0
15726,2
15727,0
15728,1
15729,0
15730,0
15731,1
15732,1
15733,2
15734,1
15735,1
15736,0
15737,2
15738,1
15739,0
15740,0
15741,2
15742,0
15743,0
15744,0
15745,2
15746,0
15747,2
15748,1
15749,1
15750,2
15751,1
15752,0
15753,2
15754,1
15755,0
15756,1
15757,1
15758,2
15759,2
15760,0
15761,0
15762,0
15763,0
15764,0
15765,0
15766,0
15767,1
15768,1
15769,1
15770,0
15771,1
15772,0
15773,0
15774,2
15775,0
15776,1
15777,2
15778,1
15779,0
15780,2
15781,1
15782,1
15783,0
15784,1
15785,1
15786,0
15787,1
15788,2
15789,2
15790,0
15791,2
15792,1
15793,0
15794,1
15795,1
15796,2
15797,1
15798,0
15799,0
15800,1
15801,0
15802,2
15803,0
15804,0
15805,2
15806,0
15807,0
15808,2
15809,1
15810,0
15811,1
15812,1
15813,0
15814,2
15815,0
15816,0
15817,0
15818,0
15819,1
15820,0
15821,2
15822,2
15823,1
15824,1
15825,0
15826,2
15827,1
15828,2
15829,0
15830,1
15831,0
15832,0
15833,2
15834,2
15835,2
15836,1
15837,2
15838,0
15839,0
15840,0
15841,2
15842,2
15843,1
15844,1
15845,2
15846,1
15847,2
15848,0
15849,0
15850,0
15851,2
15852,1
15853,1
15854,0
15855,2
15856,0
15857,2
15858,1
15859,2
15860,2
15861,1
15862,0
15863,2
15864,0
15865,0
15866,2
15867,0
15868,2
15869,1
15870,0
15871,0
15872,2
15873,1
15874,0
15875,2
15876,2
15877,2
15878,0
15879,1
15880,0
15881,0
15882,1
15883,1
15884,1
15885,1
15886,2
15887,2
15888,2
15889,0
15890,0
15891,2
15892,0
15893,0
15894,1
15895,2
15896,2
15897,1
15898,0
15899,1
15900,2
15901,2
15902,0
15903,0
15904,1
15905,0
15906,0
15907,2
15908,1
15909,0
15910,1
15911,0
15912,0
15913,2
15914,2
15915,0
15916,1
15917,1
15918,0
15919,1
15920,0
15921,0
15922,0
15923,0
15924,0
15925,1
15926,2
15927,0
15928,1
15929,2
15930,2
15931,0
15932,0
15933,2
15934,1
15935,0
15936,2
15937,0
15938,1
15939,0
15940,0
15941,0
15942,1
15943,0
15944,1
15945,0
15946,1
15947,2
15948,0
15949,0
15950,0
15951,2
15952,0
15953,1
15954,0
15955,1
15956,1
15957,2
15958,0
15959,0
15960,2
15961,0
15962,0
15963,1
15964,1
15965,0
15966,0
15967,2
15968,0
15969,2
15970,0
15971,0
15972,0
15973,0
15974,0
15975,0
15976,1
15977,0
15978,1
15979,1
15980,2
15981,0
15982,0
15983,0
15984,0
15985,0
15986,0
15987,1
15988,1
15989,1
15990,2
15991,2
15992,1
15993,0
15994,1
15995,0
15996,0
15997,1
15998,0
15999,2
16000,2
16001,0
16002,0
16003,2
16004,0
16005,0
16006,2
16007,0
16008,0
16009,2
16010,0
16011,0
16012,2
16013,2
16014,0
16015,0
16016,0
16017,1
16018,1
16019,0
16020,2
16021,0
16022,1
16023,2
16024,0
16025,0
16026,1
16027,2
16028,1
16029,2
16030,2
16031,0
16032,1
16033,2
16034,0
16035,0
16036,0
16037,0
16038,0
16039,2
16040,1
16041,2
16042,0
16043,1
16044,2
16045,0
16046,0
16047,1
16048,0
16049,0
16050,2
16051,0
16052,1
16053,0
16054,0
16055,1
16056,2
16057,0
16058,1
16059,0
16060,2
16061,2
16062,1
16063,2
16064,0
16065,0
16066,0
16067,0
16068,0
16069,0
16070,0
16071,1
16072,0
16073,0
16074,1
16075,0
16076,2
16077,0
16078,1
16079,0
16080,2
16081,0
16082,2
16083,0
16084,2
16085,1
16086,0
16087,1
16088,1
16089,2
16090,0
16091,1
16092,2
16093,2
16094,0
16095,2
16096,2
16097,0
16098,0
16099,0
16100,1
16101,2
16102,0
16103,2
16104,1
16105,1
16106,0
16107,2
16108,1
16109,2
16110,0
16111,1
16112,0
16113,0
16114,0
16115,1
16116,1
16117,0
16118,0
16119,0
16120,2
16121,0
16122,0
16123,0
16124,0
16125,2
16126,0
16127,1
16128,1
16129,1
16130,1
16131,0
16132,0
16133,0
16134,1
16135,2
16136,1
16137,0
16138,1
16139,2
16140,0
16141,1
16142,0
16143,0
16144,0
16145,1
16146,2
16147,2
16148,1
16149,0
16150,0
16151,0
16152,0
16153,1
16154,0
16155,2
16156,0
16157,0
16158,2
16159,0
16160,2
16161,0
16162,0
16163,0
16164,1
16165,0
16166,1
16167,1
16168,2
16169,1
16170,1
16171,1
16172,0
16173,0
16174,2
16175,1
16176,1
16177,1
16178,2
16179,2
16180,2
16181,0
16182,1
16183,0
16184,1
16185,0
16186,0
16187,0
16188,0
16189,0
16190,0
16191,0
16192,2
16193,0
16194,1
16195,0
16196,1
16197,2
16198,1
16199,0
16200,0
16201,0
16202,1
16203,0
16204,1
16205,2
16206,2
16207,0
16208,0
16209,1
16210,1
16211,2
16212,2
16213,0
16214,1
16215,0
16216,0
16217,2
16218,0
16219,0
16220,0
16221,0
16222,0
16223,2
16224,2
16225,2
16226,2
16227,0
16228,0
16229,0
16230,1
16231,0
16232,0
16233,0
16234,0
16235,2
16236,0
16237,2
16238,0
16239,0
16240,2
16241,2
16242,0
16243,2
16244,1
16245,0
16246,1
16247,1
16248,2
16249,0
16250,2
16251,0
16252,2
16253,2
16254,0
16255,2
16256,1
16257,2
16258,0
16259,0
16260,1
16261,2
16262,1
16263,0
16264,2
16265,1
16266,1
16267,0
16268,0
16269,1
16270,0
16271,0
16272,1
16273,1
16274,0
16275,0
16276,1
16277,1
16278,2
16279,0
16280,0
16281,2
16282,2
16283,0
16284,0
16285,0
16286,0
16287,0
16288,0
16289,0
16290,1
16291,1
16292,0
16293,1
16294,2
16295,1
16296,0
16297,1
16298,0
16299,0
16300,1
16301,1
16302,1
16303,0
16304,2
16305,0
16306,0
16307,0
16308,1
16309,1
16310,0
16311,2
16312,0
16313,0
16314,1
16315,0
16316,1
16317,0
16318,0
16319,2
16320,2
16321,0
16322,2
16323,0
16324,1
16325,1
16326,1
16327,1
16328,2
16329,1
16330,0
16331,2
16332,1
16333,0
16334,0
16335,0
16336,1
16337,2
16338,1
16339,1
16340,2
16341,1
16342,0
16343,1
16344,0
16345,1
16346,1
16347,0
16348,2
16349,2
16350,0
16351,0
16352,1
16353,2
16354,0
16355,2
16356,1
16357,2
16358,0
16359,0
16360,0
16361,1
16362,0
16363,1
16364,1
16365,1
16366,1
16367,0
16368,0
16369,0
16370,0
16371,1
16372,1
16373,2
16374,0
16375,0
16376,0
16377,1
16378,0
16379,0
16380,0
16381,0
16382,2
16383,0
16384,1
16385,1
16386,0
16387,1
16388,1
16389,0
16390,0
16391,2
16392,0
16393,2
16394,2
16395,2
16396,2
16397,2
16398,2
16399,1
16400,0
16401,1
16402,2
16403,1
16404,0
16405,0
16406,1
16407,0
16408,2
16409,2
16410,0
16411,0
16412,1
16413,0
16414,0
16415,1
16416,2
16417,0
16418,2
16419,0
16420,0
16421,2
16422,2
16423,0
16424,0
16425,0
16426,2
16427,1
16428,0
16429,0
16430,2
16431,1
16432,2
16433,0
16434,0
16435,1
16436,1
16437,2
16438,2
16439,1
16440,0
16441,1
16442,2
16443,0
16444,1
16445,2
16446,0
16447,0
16448,1
16449,2
16450,1
16451,1
16452,1
16453,0
16454,0
16455,0
16456,1
16457,2
16458,2
16459,2
16460,1
16461,1
16462,0
16463,0
16464,0
16465,2
16466,1
16467,0
16468,0
16469,1
16470,2
16471,1
16472,1
16473,2
16474,0
16475,1
16476,2
16477,2
16478,1
16479,0
16480,1
16481,0
16482,1
16483,1
16484,0
16485,1
16486,1
16487,2
16488,1
16489,0
16490,0
16491,1
16492,2
16493,0
16494,1
16495,0
16496,2
16497,2
16498,0
16499,2
16500,2
16501,0
16502,0
16503,0
16504,1
16505,0
16506,0
16507,0
16508,1
16509,2
16510,1
16511,1
16512,0
16513,0
16514,2
16515,0
16516,0
16517,2
16518,0
16519,2
16520,0
16521,0
16522,0
16523,0
16524,1
16525,0
16526,2
16527,0
16528,1
16529,0
16530,0
16531,2
16532,1
16533,0
16534,0
16535,2
16536,1
16537,1
16538,0
16539,2
16540,2
16541,0
16542,1
16543,1
16544,1
16545,2
16546,2
16547,0
16548,1
16549,2
16550,2
16551,0
16552,2
16553,2
16554,1
16555,2
16556,0
16557,0
16558,1
16559,0
16560,0
16561,1
16562,1
16563,0
16564,0
16565,2
16566,1
16567,1
16568,1
16569,1
16570,2
16571,2
16572,2
16573,0
16574,1
16575,0
16576,2
16577,0
16578,2
16579,2
16580,0
16581,1
16582,0
16583,0
16584,0
16585,0
16586,0
16587,1
16588,0
16589,0
16590,0
16591,0
16592,2
16593,1
16594,2
16595,0
16596,0
16597,0
16598,2
16599,0
16600,0
16601,0
16602,1
16603,0
16604,0
16605,1
16606,1
16607,0
16608,1
16609,1
16610,0
16611,1
16612,0
16613,0
16614,0
16615,1
16616,1
16617,1
16618,1
16619,0
16620,1
16621,2
16622,1
16623,0
16624,0
16625,2
16626,1
16627,0
16628,0
16629,1
16630,0
16631,1
16632,0
16633,1
16634,1
16635,0
16636,0
16637,1
16638,0
16639,0
16640,0
16641,1
16642,0
16643,2
16644,1
16645,2
16646,0
16647,0
16648,0
16649,0
16650,1
16651,2
16652,0
16653,2
16654,0
16655,0
16656,0
16657,2
16658,0
16659,2
16660,0
16661,1
16662,2
16663,0
16664,0
16665,0
16666,0
16667,0
16668,0
16669,0
16670,1
16671,1
16672,0
16673,0
16674,0
16675,0
16676,0
16677,1
16678,1
16679,0
16680,2
16681,2
16682,1
16683,1
16684,0
16685,0
16686,2
16687,0
16688,0
16689,0
16690,2
16691,2
16692,0
16693,1
16694,0
16695,1
16696,1
16697,1
16698,0
16699,2
16700,0
16701,0
16702,0
16703,0
16704,1
16705,2
16706,0
16707,2
16708,0
16709,0
16710,1
16711,0
16712,0
16713,0
16714,1
16715,2
16716,1
16717,1
16718,0
16719,0
16720,2
16721,0
16722,1
16723,1
16724,0
16725,1
16726,2
16727,2
16728,1
16729,2
16730,0
16731,1
16732,0
16733,2
16734,0
16735,1
16736,0
16737,0
16738,0
16739,2
16740,0
16741,2
16742,0
16743,2
16744,2
16745,1
16746,2
16747,0
16748,0
16749,2
16750,0
16751,1
16752,0
16753,0
16754,2
16755,0
16756,1
16757,0
16758,1
16759,0
16760,2
16761,0
16762,2
16763,0
16764,2
16765,2
16766,0
16767,0
16768,1
16769,1
16770,2
16771,1
16772,2
16773,2
16774,1
16775,2
16776,0
16777,1
16778,1
16779,2
16780,2
16781,1
16782,0
16783,0
16784,1
16785,0
16786,2
16787,2
16788,1
16789,0
16790,2
16791,0
16792,2
16793,2
16794,1
16795,0
16796,0
16797,0
16798,1
16799,2
16800,0
16801,0
16802,2
16803,2
16804,0
16805,1
16806,1
16807,1
16808,0
16809,0
16810,0
16811,0
16812,2
16813,0
16814,0
16815,1
16816,1
16817,0
16818,1
16819,2
16820,1
16821,0
16822,1
16823,0
16824,2
16825,0
16826,0
16827,2
16828,0
16829,0
16830,0
16831,0
16832,2
16833,0
16834,1
16835,0
16836,1
16837,1
16838,0
16839,1
16840,0
16841,2
16842,1
16843,0
16844,1
16845,1
16846,0
16847,1
16848,1
16849,1
16850,1
16851,1
16852,0
16853,0
16854,1
16855,1
16856,1
16857,0
16858,2
16859,1
16860,1
16861,0
16862,0
16863,0
16864,0
16865,0
16866,0
16867,0
16868,0
16869,0
16870,2
16871,1
16872,2
16873,0
16874,0
16875,1
16876,2
16877,2
16878,0
16879,0
16880,1
16881,0
16882,0
16883,1
16884,1
16885,1
16886,0
16887,0
16888,0
16889,0
16890,2
16891,2
16892,0
16893,2
16894,0
16895,1
16896,1
16897,0
16898,0
16899,0
16900,2
16901,1
16902,0
16903,0
16904,0
16905,2
16906,0
16907,0
16908,1
16909,1
16910,2
16911,1
16912,0
16913,1
16914,2
16915,2
16916,0
16917,1
16918,0
16919,1
16920,0
16921,2
16922,0
16923,1
16924,0
16925,0
16926,1
16927,0
16928,0
16929,0
16930,1
16931,2
16932,2
16933,0
16934,1
16935,1
16936,2
16937,1
16938,1
16939,1
16940,0
16941,0
16942,1
16943,0
16944,2
16945,2
16946,0
16947,1
16948,2
16949,0
16950,0
16951,1
16952,0
16953,2
16954,0
16955,0
16956,2
16957,0
16958,1
16959,2
16960,1
16961,0
16962,1
16963,0
16964,2
16965,2
16966,0
16967,2
16968,1
16969,0
16970,0
16971,0
16972,0
16973,1
16974,0
16975,1
16976,0
16977,0
16978,0
16979,0
16980,1
16981,0
16982,2
16983,1
16984,1
16985,0
16986,1
16987,2
16988,2
16989,1
16990,1
16991,2
16992,0
16993,0
16994,2
16995,0
16996,0
16997,0
16998,1
16999,2
17000,1
17001,2
17002,2
17003,2
17004,1
17005,1
17006,0
17007,2
17008,1
17009,0
17010,0
17011,0
17012,0
17013,0
17014,0
17015,1
17016,0
17017,1
17018,0
17019,1
17020,1
17021,1
17022,0
17023,2
17024,1
17025,1
17026,1
17027,0
17028,0
17029,1
17030,0
17031,1
17032,1
17033,0
17034,2
17035,0
17036,1
17037,1
17038,1
17039,0
17040,2
17041,2
17042,2
17043,0
17044,0
17045,0
17046,0
17047,0
17048,1
17049,0
17050,0
17051,0
17052,0
17053,1
17054,0
17055,2
17056,2
17057,1
17058,1
17059,2
17060,1
17061,2
17062,1
17063,0
17064,2
17065,0
17066,2
17067,2
17068,1
17069,2
17070,0
17071,2
17072,1
17073,0
17074,0
17075,0
17076,1
17077,2
17078,1
17079,1
17080,2
17081,2
17082,0
17083,2
17084,0
17085,2
17086,2
17087,2
17088,1
17089,2
17090,2
17091,2
17092,1
17093,1
17094,0
17095,0
17096,0
17097,2
17098,2
17099,1
17100,0
17101,2
17102,1
17103,2
17104,1
17105,2
17106,2
17107,2
17108,1
17109,0
17110,0
17111,1
17112,2
17113,2
17114,2
17115,0
17116,0
17117,0
17118,1
17119,2
17120,1
17121,1
17122,1
17123,0
17124,2
17125,1
17126,2
17127,0
17128,1
17129,0
17130,1
17131,0
17132,0
17133,0
17134,1
17135,0
17136,2
17137,0
17138,0
17139,0
17140,0
17141,0
17142,0
17143,0
17144,0
17145,0
17146,0
17147,0
17148,0
17149,0
17150,0
17151,2
17152,0
17153,0
17154,2
17155,1
17156,1
17157,2
17158,1
17159,1
17160,0
17161,0
17162,0
17163,1
17164,2
17165,1
17166,0
17167,0
17168,0
17169,0
17170,1
17171,0
17172,0
17173,1
17174,2
17175,2
17176,0
17177,2
17178,2
17179,2
17180,2
17181,2
17182,0
17183,2
17184,2
17185,1
17186,0
17187,2
17188,0
17189,0
17190,0
17191,1
17192,1
17193,0
17194,0
17195,0
17196,2
17197,2
17198,0
17199,1
17200,0
17201,1
17202,1
17203,1
17204,1
17205,0
17206,1
17207,0
17208,1
17209,1
17210,0
17211,0
17212,0
17213,0
17214,0
17215,0
17216,1
17217,0
17218,0
17219,2
17220,1
17221,0
17222,0
17223,0
17224,2
17225,0
17226,1
17227,1
17228,0
17229,2
17230,1
17231,2
17232,2
17233,2
17234,1
17235,2
17236,1
17237,2
17238,0
17239,1
17240,2
17241,0
17242,0
17243,0
17244,0
17245,1
17246,0
17247,0
17248,1
17249,2
17250,2
17251,1
17252,2
17253,2
17254,0
17255,1
17256,0
17257,1
17258,2
17259,1
17260,0
17261,2
17262,0
17263,0
17264,1
17265,1
17266,1
17267,2
17268,1
17269,0
17270,2
17271,1
17272,0
17273,1
17274,1
17275,0
17276,1
17277,2
17278,0
17279,2
17280,0
17281,2
17282,2
17283,2
17284,0
17285,0
17286,0
17287,1
17288,0
17289,1
17290,2
17291,2
17292,0
17293,0
17294,0
17295,1
17296,0
17297,1
17298,0
17299,2
17300,1
17301,2
17302,0
17303,0
17304,1
17305,1
17306,1
17307,0
17308,0
17309,0
17310,0
17311,2
17312,0
17313,0
17314,0
17315,1
17316,0
17317,0
17318,0
17319,2
17320,2
17321,0
17322,1
17323,0
17324,0
17325,0
17326,0
17327,1
17328,1
17329,0
17330,0
17331,1
17332,0
17333,2
17334,1
17335,1
17336,2
17337,0
17338,1
17339,1
17340,0
17341,1
17342,0
17343,0
17344,2
17345,1
17346,0
17347,2
17348,0
17349,2
17350,0
17351,1
17352,0
17353,2
17354,0
17355,0
17356,1
17357,2
17358,1
17359,1
17360,1
17361,1
17362,2
17363,1
17364,0
17365,1
17366,0
17367,0
17368,2
17369,0
17370,1
17371,0
17372,0
17373,1
17374,0
17375,2
17376,2
17377,1
17378,0
17379,2
17380,2
17381,1
17382,2
17383,2
17384,1
17385,2
17386,1
17387,0
17388,0
17389,1
17390,1
17391,1
17392,0
17393,2
17394,0
17395,0
17396,1
17397,2
17398,1
17399,0
17400,0
17401,2
17402,2
17403,0
17404,1
17405,2
17406,0
17407,0
17408,0
17409,2
17410,0
17411,0
17412,0
17413,0
17414,2
17415,0
17416,0
17417,2
17418,2
17419,1
17420,0
17421,1
17422,2
17423,1
17424,0
17425,0
17426,0
17427,0
17428,0
17429,1
17430,1
17431,2
17432,0
17433,2
17434,2
17435,0
17436,2
17437,2
17438,1
17439,2
17440,1
17441,1
17442,1
17443,0
17444,0
17445,1
17446,2
17447,1
17448,0
17449,0
17450,0
17451,2
17452,1
17453,2
17454,2
17455,0
17456,0
17457,2
17458,2
17459,0
17460,2
17461,0
17462,2
17463,1
17464,2
17465,2
17466,2
17467,0
17468,0
17469,0
17470,2
17471,0
17472,1
17473,1
17474,1
17475,0
17476,2
17477,2
17478,1
17479,0
17480,0
17481,1
17482,1
17483,2
17484,0
17485,1
17486,1
17487,1
17488,1
17489,0
17490,2
17491,0
17492,0
17493,0
17494,0
17495,0
17496,2
17497,2
17498,0
17499,1
17500,2
17501,0
17502,1
17503,0
17504,2
17505,1
17506,1
17507,2
17508,0
17509,2
17510,0
17511,0
17512,2
17513,0
17514,0
17515,0
17516,1
17517,0
17518,1
17519,0
17520,2
17521,1
17522,0
17523,2
17524,0
17525,2
17526,0
17527,0
17528,0
17529,1
17530,2
17531,0
17532,2
17533,1
17534,0
17535,0
17536,0
17537,2
17538,1
17539,0
17540,2
17541,2
17542,0
17543,0
17544,1
17545,0
17546,1
17547,0
17548,2
17549,0
17550,1
17551,0
17552,0
17553,1
17554,0
17555,0
17556,2
17557,2
17558,1
17559,2
17560,0
17561,0
17562,0
17563,0
17564,2
17565,0
17566,2
17567,0
17568,0
17569,0
17570,0
17571,2
17572,1
17573,1
17574,1
17575,1
17576,0
17577,1
17578,0
17579,0
17580,0
17581,2
17582,2
17583,0
17584,2
17585,0
17586,1
17587,2
17588,0
17589,2
17590,1
17591,1
17592,2
17593,1
17594,0
17595,2
17596,0
17597,2
17598,0
17599,1
17600,2
17601,1
17602,1
17603,0
17604,1
17605,0
17606,1
17607,2
17608,0
17609,2
17610,0
17611,1
17612,0
17613,0
17614,1
17615,1
17616,1
17617,0
17618,2
17619,0
17620,0
17621,1
17622,0
17623,0
17624,2
17625,2
17626,0
17627,2
17628,0
17629,2
17630,1
17631,0
17632,1
17633,1
17634,1
17635,0
17636,2
17637,0
17638,1
17639,0
17640,0
17641,1
17642,0
17643,2
17644,0
17645,0
17646,0
17647,1
17648,1
17649,0
17650,0
17651,0
17652,0
17653,0
17654,0
17655,0
17656,1
17657,0
17658,1
17659,1
17660,0
17661,1
17662,0
17663,2
17664,1
17665,0
17666,2
17667,0
17668,1
17669,2
17670,1
17671,2
17672,0
17673,2
17674,0
17675,0
17676,1
17677,0
17678,0
17679,0
17680,0
17681,1
17682,2
17683,0
17684,1
17685,1
17686,1
17687,1
17688,1
17689,0
17690,0
17691,0
17692,1
17693,2
17694,0
17695,0
17696,1
17697,0
17698,1
17699,1
17700,1
17701,2
17702,1
17703,1
17704,0
17705,0
17706,1
17707,0
17708,0
17709,1
17710,1
17711,2
17712,0
17713,0
17714,1
17715,0
17716,1
17717,2
17718,1
17719,1
17720,0
17721,2
17722,1
17723,1
17724,0
17725,0
17726,2
17727,0
17728,0
17729,1
17730,1
17731,0
17732,0
17733,2
17734,0
17735,0
17736,0
17737,0
17738,0
17739,0
17740,2
17741,0
17742,1
17743,0
17744,0
17745,0
17746,0
17747,0
17748,0
17749,0
17750,2
17751,0
17752,2
17753,1
17754,0
17755,2
17756,0
17757,0
17758,1
17759,2
17760,2
17761,1
17762,1
17763,2
17764,0
17765,0
17766,1
17767,2
17768,2
17769,2
17770,2
17771,0
17772,2
17773,1
17774,0
17775,0
17776,0
17777,0
17778,0
17779,0
17780,0
17781,1
17782,0
17783,0
17784,2
17785,0
17786,1
17787,0
17788,0
17789,1
17790,0
17791,1
17792,0
17793,2
17794,2
17795,2
17796,0
17797,2
17798,1
17799,2
17800,0
17801,1
17802,1
17803,1
17804,2
17805,1
17806,0
17807,2
17808,0
17809,1
17810,0
17811,0
17812,0
17813,0
17814,0
17815,1
17816,1
17817,0
17818,0
17819,1
17820,0
17821,2
17822,2
17823,2
17824,2
17825,1
17826,2
17827,1
17828,0
17829,0
17830,2
17831,1
17832,1
17833,1
17834,0
17835,2
17836,0
17837,0
17838,0
17839,0
17840,0
17841,1
17842,0
17843,0
17844,0
17845,0
17846,1
17847,2
17848,0
17849,1
17850,2
17851,0
17852,1
17853,2
17854,0
17855,2
17856,0
17857,0
17858,0
17859,0
17860,1
17861,0
17862,1
17863,0
17864,0
17865,1
17866,0
17867,0
17868,0
17869,2
17870,0
17871,2
17872,0
17873,0
17874,2
17875,1
17876,0
17877,0
17878,0
17879,1
17880,1
17881,2
17882,1
17883,1
17884,1
17885,0
17886,0
17887,0
17888,1
17889,2
17890,0
17891,0
17892,1
17893,1
17894,0
17895,1
17896,0
17897,1
17898,1
17899,2
17900,0
17901,2
17902,0
17903,2
17904,0
17905,1
17906,0
17907,2
17908,0
17909,2
17910,1
17911,2
17912,0
17913,2
17914,2
17915,2
17916,0
17917,2
17918,0
17919,1
17920,1
17921,1
17922,1
17923,1
17924,0
17925,0
17926,1
17927,1
17928,0
17929,1
17930,2
17931,2
17932,2
17933,0
17934,0
17935,0
17936,1
17937,1
17938,0
17939,2
17940,0
17941,0
17942,1
17943,0
17944,1
17945,0
17946,1
17947,0
17948,2
17949,0
17950,2
17951,1
17952,1
17953,1
17954,1
17955,0
17956,0
17957,2
17958,1
17959,0
17960,0
17961,1
17962,0
17963,2
17964,0
17965,2
17966,2
17967,1
17968,1
17969,2
17970,2
17971,2
17972,1
17973,0
17974,0
17975,2
17976,1
17977,1
17978,2
17979,1
17980,0
17981,0
17982,2
17983,2
17984,2
17985,2
17986,0
17987,2
17988,2
17989,2
17990,0
17991,1
17992,1
17993,0
17994,2
17995,2
17996,1
17997,2
17998,0
17999,0
18000,0
18001,1
18002,0
18003,2
18004,2
18005,0
18006,0
18007,0
18008,0
18009,0
18010,1
18011,0
18012,0
18013,0
18014,2
18015,0
18016,0
18017,0
18018,0
18019,0
18020,0
18021,1
18022,0
18023,0
18024,1
18025,0
18026,2
18027,0
18028,2
18029,2
18030,1
18031,0
18032,0
18033,2
18034,0
18035,2
18036,2
18037,1
18038,0
18039,1
18040,0
18041,2
18042,2
18043,1
18044,1
18045,0
18046,0
18047,0
18048,1
18049,0
18050,0
18051,2
18052,2
18053,2
18054,0
18055,0
18056,1
18057,0
18058,0
18059,1
18060,0
18061,1
18062,1
18063,0
18064,2
18065,0
18066,0
18067,0
18068,2
18069,0
18070,0
18071,0
18072,0
18073,0
18074,0
18075,2
18076,0
18077,0
18078,2
18079,1
18080,0
18081,2
18082,2
18083,2
18084,0
18085,2
18086,0
18087,1
18088,0
18089,0
18090,2
18091,1
18092,1
18093,0
18094,0
18095,0
18096,1
18097,1
18098,0
18099,1
18100,0
18101,0
18102,2
18103,2
18104,0
18105,0
18106,0
18107,1
18108,0
18109,2
18110,0
18111,0
18112,1
18113,0
18114,0
18115,0
18116,1
18117,2
18118,0
18119,1
18120,0
18121,2
18122,0
18123,1
18124,0
18125,0
18126,1
18127,0
18128,0
18129,0
18130,2
18131,1
18132,2
18133,0
18134,2
18135,1
18136,1
18137,1
18138,2
18139,1
18140,0
18141,2
18142,2
18143,0
18144,1
18145,0
18146,0
18147,0
18148,0
18149,2
18150,1
18151,1
18152,0
18153,1
18154,0
18155,0
18156,2
18157,2
18158,1
18159,1
18160,2
18161,1
18162,2
18163,0
18164,1
18165,1
18166,2
18167,0
18168,0
18169,2
18170,0
18171,0
18172,2
18173,1
18174,2
18175,0
18176,0
18177,0
18178,2
18179,1
18180,2
18181,2
18182,2
18183,1
18184,0
18185,1
18186,0
18187,2
18188,0
18189,0
18190,2
18191,0
18192,0
18193,1
18194,0
18195,2
18196,0
18197,1
18198,1
18199,0
18200,2
18201,1
18202,0
18203,1
18204,0
18205,2
18206,1
18207,0
18208,1
18209,0
18210,1
18211,1
18212,1
18213,0
18214,0
18215,0
18216,0
18217,1
18218,1
18219,0
18220,0
18221,0
18222,1
18223,2
18224,0
18225,2
18226,0
18227,0
18228,0
18229,2
18230,1
18231,1
18232,2
18233,1
18234,0
18235,1
18236,1
18237,1
18238,2
18239,0
18240,0
18241,2
18242,1
18243,0
18244,1
18245,1
18246,0
18247,2
18248,1
18249,1
18250,1
18251,0
18252,0
18253,0
18254,1
18255,1
18256,0
18257,2
18258,2
18259,1
18260,0
18261,0
18262,1
18263,0
18264,1
18265,2
18266,2
18267,2
18268,2
18269,2
18270,0
18271,0
18272,2
18273,0
18274,0
18275,2
18276,0
18277,1
18278,0
18279,0
18280,2
18281,1
18282,2
18283,0
18284,0
18285,2
18286,0
18287,1
18288,0
18289,1
18290,2
18291,0
18292,0
18293,1
18294,1
18295,0
18296,0
18297,1
18298,1
18299,1
18300,2
18301,0
18302,0
18303,2
18304,0
18305,0
18306,0
18307,0
18308,0
18309,1
18310,0
18311,0
18312,1
18313,2
18314,0
18315,1
18316,0
18317,0
18318,2
18319,0
18320,1
18321,0
18322,0
18323,1
18324,2
18325,2
18326,0
18327,0
18328,0
18329,0
18330,0
18331,1
18332,2
18333,1
18334,0
18335,2
18336,1
18337,0
18338,1
18339,0
18340,1
18341,0
18342,0
18343,0
18344,0
18345,2
18346,2
18347,0
18348,2
18349,2
18350,2
18351,0
18352,1
18353,0
18354,0
18355,1
18356,2
18357,1
18358,0
18359,0
18360,0
18361,2
18362,0
18363,1
18364,0
18365,2
18366,0
18367,2
18368,0
18369,0
18370,0
18371,0
18372,1
18373,1
18374,0
18375,1
18376,0
18377,0
18378,2
18379,0
18380,0
18381,0
18382,2
18383,0
18384,2
18385,0
18386,1
18387,0
18388,1
18389,2
18390,2
18391,1
18392,1
18393,0
18394,0
18395,0
18396,0
18397,0
18398,0
18399,0
18400,0
18401,2
18402,0
18403,1
18404,0
18405,2
18406,2
18407,0
18408,1
18409,1
18410,1
18411,1
18412,1
18413,1
18414,2
18415,1
18416,0
18417,1
18418,1
18419,0
18420,2
18421,0
18422,2
18423,0
18424,1
18425,1
18426,1
18427,0
18428,1
18429,0
18430,1
18431,2
18432,0
18433,0
18434,0
18435,0
18436,1
18437,1
18438,0
18439,0
18440,2
18441,2
18442,0
18443,0
18444,2
18445,0
18446,0
18447,2
18448,0
18449,0
18450,2
18451,2
18452,0
18453,0
18454,0
18455,1
18456,1
18457,0
18458,0
18459,0
18460,0
18461,0
18462,0
18463,2
18464,2
18465,2
18466,0
18467,0
18468,2
18469,0
18470,0
18471,0
18472,1
18473,2
18474,2
18475,0
18476,1
18477,0
18478,2
18479,1
18480,0
18481,1
18482,0
18483,0
18484,1
18485,1
18486,1
18487,0
18488,2
18489,1
18490,0
18491,1
18492,0
18493,0
18494,1
18495,1
18496,2
18497,0
18498,2
18499,0
18500,0
18501,0
18502,0
18503,0
18504,0
18505,2
18506,0
18507,0
18508,1
18509,1
18510,2
18511,0
18512,0
18513,1
18514,0
18515,0
18516,0
18517,2
18518,2
18519,0
18520,0
18521,0
18522,0
18523,1
18524,2
18525,1
18526,1
18527,0
18528,0
18529,0
18530,1
18531,1
18532,0
18533,0
18534,2
18535,0
18536,0
18537,0
18538,0
18539,0
18540,1
18541,0
18542,0
18543,2
18544,0
18545,1
18546,1
18547,0
18548,2
18549,0
18550,0
18551,0
18552,1
18553,0
18554,1
18555,2
18556,0
18557,2
18558,1
18559,0
18560,1
18561,2
18562,1
18563,2
18564,0
18565,0
18566,2
18567,1
18568,2
18569,0
18570,0
18571,2
18572,0
18573,2
18574,0
18575,1
18576,0
18577,0
18578,1
18579,0
18580,0
18581,0
18582,0
18583,2
18584,0
18585,2
18586,0
18587,2
18588,1
18589,2
18590,0
18591,0
18592,1
18593,0
18594,0
18595,0
18596,0
18597,0
18598,2
18599,1
18600,1
18601,0
18602,1
18603,2
18604,2
18605,0
18606,0
18607,1
18608,2
18609,0
18610,0
18611,0
18612,0
18613,2
18614,0
18615,0
18616,0
18617,1
18618,2
18619,2
18620,2
18621,0
18622,0
18623,0
18624,1
18625,0
18626,0
18627,1
18628,1
18629,0
18630,0
18631,0
18632,0
18633,0
18634,0
18635,1
18636,0
18637,0
18638,0
18639,0
18640,0
18641,2
18642,2
18643,0
18644,2
18645,0
18646,0
18647,1
18648,1
18649,2
18650,2
18651,1
18652,2
18653,2
18654,1
18655,2
18656,0
18657,1
18658,0
18659,0
18660,1
18661,2
18662,0
18663,0
18664,0
18665,0
18666,0
18667,0
18668,2
18669,0
18670,0
18671,0
18672,0
18673,2
18674,2
18675,2
18676,0
18677,2
18678,1
18679,2
18680,0
18681,0
18682,0
18683,0
18684,1
18685,0
18686,0
18687,2
18688,0
18689,0
18690,0
18691,1
18692,0
18693,0
18694,1
18695,0
18696,0
18697,1
18698,0
18699,1
18700,1
18701,0
18702,1
18703,1
18704,1
18705,0
18706,1
18707,1
18708,1
18709,1
18710,0
18711,1
18712,1
18713,0
18714,0
18715,2
18716,0
18717,1
18718,0
18719,1
18720,2
18721,0
18722,0
18723,2
18724,2
18725,2
18726,2
18727,2
18728,1
18729,0
18730,1
18731,0
18732,0
18733,0
18734,0
18735,2
18736,1
18737,0
18738,2
18739,1
18740,1
18741,2
18742,0
18743,0
18744,1
18745,1
18746,0
18747,2
18748,0
18749,1
18750,2
18751,0
18752,0
18753,0
18754,0
18755,0
18756,1
18757,2
18758,1
18759,2
18760,1
18761,0
18762,0
18763,1
18764,1
18765,2
18766,1
18767,1
18768,0
18769,2
18770,0
18771,0
18772,1
18773,1
18774,0
18775,0
18776,2
18777,0
18778,2
18779,1
18780,0
18781,1
18782,2
18783,0
18784,0
18785,1
18786,0
18787,1
18788,0
18789,0
18790,2
18791,0
18792,0
18793,0
18794,2
18795,2
18796,0
18797,0
18798,1
18799,1
18800,1
18801,2
18802,0
18803,0
18804,0
18805,0
18806,0
18807,2
18808,2
18809,0
18810,0
18811,2
18812,1
18813,0
18814,1
18815,0
18816,0
18817,0
18818,2
18819,1
18820,0
18821,2
18822,0
18823,1
18824,2
18825,1
18826,1
18827,0
18828,1
18829,2
18830,1
18831,1
18832,1
18833,0
18834,0
18835,0
18836,1
18837,1
18838,0
18839,1
18840,2
18841,1
18842,0
18843,2
18844,1
18845,0
18846,0
18847,0
18848,0
18849,0
18850,1
18851,0
18852,2
18853,2
18854,1
18855,0
18856,0
18857,0
18858,0
18859,0
18860,0
18861,2
18862,1
18863,0
18864,1
18865,1
18866,0
18867,1
18868,0
18869,0
18870,0
18871,0
18872,1
18873,0
18874,1
18875,2
18876,0
18877,0
18878,2
18879,0
18880,0
18881,0
18882,0
18883,0
18884,0
18885,1
18886,0
18887,0
18888,0
18889,2
18890,0
18891,2
18892,2
18893,1
18894,2
18895,2
18896,2
18897,2
18898,1
18899,1
18900,1
18901,0
18902,0
18903,1
18904,2
18905,1
18906,0
18907,2
18908,1
18909,2
18910,1
18911,2
18912,0
18913,1
18914,2
18915,0
18916,1
18917,0
18918,1
18919,0
18920,0
18921,2
18922,1
18923,2
18924,2
18925,0
18926,1
18927,2
18928,2
18929,0
18930,0
18931,0
18932,2
18933,1
18934,1
18935,2
18936,2
18937,2
18938,0
18939,0
18940,0
18941,1
18942,1
18943,1
18944,1
18945,2
18946,2
18947,2
18948,1
18949,1
18950,1
18951,2
18952,1
18953,0
18954,2
18955,2
18956,1
18957,2
18958,0
18959,1
18960,1
18961,0
18962,2
18963,2
18964,1
18965,0
18966,1
18967,1
18968,0
18969,1
18970,1
18971,2
18972,1
18973,0
18974,0
18975,1
18976,2
18977,1
18978,1
18979,0
18980,0
18981,2
18982,1
18983,1
18984,1
18985,1
18986,0
18987,0
18988,0
18989,1
18990,0
18991,1
18992,1
18993,2
18994,1
18995,2
18996,2
18997,0
18998,1
18999,2
19000,2
19001,1
19002,0
19003,0
19004,1
19005,1
19006,2
19007,0
19008,2
19009,1
19010,0
19011,1
19012,2
19013,1
19014,2
19015,0
19016,0
19017,0
19018,2
19019,0
19020,0
19021,1
19022,2
19023,1
19024,0
19025,0
19026,0
19027,1
19028,0
19029,1
19030,1
19031,0
19032,0
19033,0
19034,2
19035,0
19036,1
19037,1
19038,0
19039,2
19040,2
19041,0
19042,1
19043,2
19044,0
19045,0
19046,0
19047,2
19048,0
19049,2
19050,0
19051,2
19052,0
19053,2
19054,1
19055,2
19056,0
19057,0
19058,1
19059,1
19060,0
19061,0
19062,1
19063,2
19064,2
19065,2
19066,1
19067,1
19068,0
19069,2
19070,0
19071,1
19072,0
19073,2
19074,1
19075,0
19076,1
19077,0
19078,0
19079,1
19080,1
19081,1
19082,0
19083,1
19084,1
19085,2
19086,1
19087,0
19088,2
19089,0
19090,0
19091,0
19092,1
19093,1
19094,2
19095,0
19096,1
19097,1
19098,1
19099,0
19100,0
19101,1
19102,1
19103,2
19104,0
19105,0
19106,1
19107,0
19108,0
19109,2
19110,1
19111,0
19112,1
19113,2
19114,1
19115,1
19116,0
19117,1
19118,1
19119,0
19120,2
19121,2
19122,0
19123,2
19124,2
19125,2
19126,0
19127,2
19128,0
19129,0
19130,1
19131,1
19132,1
19133,0
19134,0
19135,0
19136,1
19137,2
19138,1
19139,1
19140,0
19141,0
19142,1
19143,2
19144,1
19145,2
19146,1
19147,2
19148,0
19149,1
19150,1
19151,0
19152,0
19153,0
19154,1
19155,2
19156,1
19157,0
19158,0
19159,0
19160,0
19161,1
19162,0
19163,0
19164,2
19165,0
19166,0
19167,2
19168,1
19169,1
19170,0
19171,0
19172,2
19173,2
19174,2
19175,0
19176,0
19177,2
19178,1
19179,1
19180,0
19181,2
19182,0
19183,2
19184,2
19185,1
19186,1
19187,0
19188,0
19189,0
19190,0
19191,1
19192,1
19193,0
19194,2
19195,2
19196,1
19197,2
19198,2
19199,1
19200,2
19201,0
19202,1
19203,0
19204,1
19205,1
19206,0
19207,1
19208,0
19209,0
19210,2
19211,0
19212,1
19213,1
19214,1
19215,1
19216,1
19217,1
19218,2
19219,0
19220,1
19221,1
19222,0
19223,1
19224,0
19225,1
19226,0
19227,1
19228,1
19229,0
19230,2
19231,0
19232,1
19233,0
19234,0
19235,2
19236,0
19237,1
19238,0
19239,2
19240,1
19241,2
19242,0
19243,1
19244,2
19245,0
19246,0
19247,2
19248,1
19249,0
19250,2
19251,2
19252,0
19253,2
19254,0
19255,1
19256,1
19257,0
19258,1
19259,2
19260,0
19261,2
19262,2
19263,1
19264,0
19265,0
19266,2
19267,2
19268,1
19269,1
19270,0
19271,2
19272,0
19273,2
19274,0
19275,0
19276,0
19277,0
19278,2
19279,1
19280,0
19281,1
19282,2
19283,1
19284,1
19285,1
19286,0
19287,0
19288,0
19289,0
19290,0
19291,1
19292,0
19293,0
19294,0
19295,2
19296,0
19297,0
19298,1
19299,0
19300,0
19301,1
19302,1
19303,2
19304,0
19305,2
19306,0
19307,1
19308,1
19309,2
19310,0
19311,2
19312,1
19313,2
19314,0
19315,0
19316,0
19317,0
19318,2
19319,0
19320,1
19321,2
19322,2
19323,2
19324,1
19325,2
19326,0
19327,0
19328,0
19329,0
19330,0
19331,0
19332,0
19333,2
19334,0
19335,2
19336,2
19337,1
19338,1
19339,0
19340,1
19341,2
19342,2
19343,0
19344,1
19345,2
19346,1
19347,0
19348,1
19349,0
19350,0
19351,0
19352,2
19353,1
19354,2
19355,0
19356,0
19357,0
19358,1
19359,1
19360,1
19361,1
19362,0
19363,0
19364,2
19365,0
19366,0
19367,2
19368,1
19369,1
19370,0
19371,1
19372,0
19373,1
19374,0
19375,1
19376,0
19377,2
19378,0
19379,2
19380,2
19381,2
19382,2
19383,1
19384,2
19385,1
19386,0
19387,0
19388,1
19389,1
19390,1
19391,0
19392,2
19393,1
19394,0
19395,1
19396,0
19397,1
19398,0
19399,2
19400,2
19401,0
19402,0
19403,0
19404,0
19405,1
19406,1
19407,1
19408,2
19409,0
19410,1
19411,2
19412,0
19413,2
19414,0
19415,2
19416,1
19417,0
19418,0
19419,1
19420,0
19421,0
19422,2
19423,2
19424,1
19425,0
19426,0
19427,2
19428,0
19429,2
19430,1
19431,2
19432,1
19433,1
19434,1
19435,0
19436,0
19437,1
19438,2
19439,0
19440,0
19441,0
19442,1
19443,0
19444,1
19445,0
19446,2
19447,1
19448,2
19449,2
19450,0
19451,0
19452,2
19453,0
19454,2
19455,2
19456,2
19457,1
19458,2
19459,2
19460,2
19461,0
19462,1
19463,1
19464,0
19465,2
19466,0
19467,0
19468,1
19469,0
19470,0
19471,1
19472,0
19473,0
19474,2
19475,2
19476,1
19477,0
19478,1
19479,0
19480,1
19481,1
19482,1
19483,1
19484,0
19485,1
19486,2
19487,2
19488,0
19489,0
19490,1
19491,1
19492,0
19493,1
19494,2
19495,0
19496,0
19497,0
19498,0
19499,0
19500,2
19501,0
19502,2
19503,0
19504,1
19505,0
19506,0
19507,1
19508,2
19509,0
19510,2
19511,0
19512,1
19513,1
19514,1
19515,0
19516,0
19517,0
19518,1
19519,1
19520,1
19521,0
19522,1
19523,0
19524,2
19525,0
19526,0
19527,1
19528,2
19529,1
19530,0
19531,0
19532,0
19533,1
19534,0
19535,2
19536,0
19537,1
19538,1
19539,0
19540,0
19541,0
19542,1
19543,1
19544,1
19545,2
19546,1
19547,0
19548,1
19549,0
19550,0
19551,0
19552,1
19553,0
19554,0
19555,0
19556,1
19557,0
19558,2
19559,1
19560,1
19561,0
19562,0
19563,1
19564,0
19565,0
19566,2
19567,1
19568,0
19569,2
19570,0
19571,0
19572,0
19573,0
19574,0
19575,2
19576,0
19577,0
19578,0
19579,2
19580,2
19581,2
19582,2
19583,0
19584,2
19585,1
19586,2
19587,2
19588,0
19589,2
19590,1
19591,0
19592,1
19593,2
19594,0
19595,0
19596,1
19597,0
19598,1
19599,0
19600,1
19601,2
19602,1
19603,0
19604,0
19605,2
19606,0
19607,2
19608,1
19609,1
19610,2
19611,2
19612,1
19613,0
19614,2
19615,1
19616,0
19617,0
19618,1
19619,0
19620,1
19621,1
19622,1
19623,0
19624,0
19625,2
19626,1
19627,0
19628,0
19629,2
19630,2
19631,0
19632,0
19633,1
19634,1
19635,0
19636,0
19637,0
19638,0
19639,1
19640,1
19641,2
19642,0
19643,0
19644,0
19645,0
19646,0
19647,0
19648,1
19649,1
19650,2
19651,0
19652,2
19653,0
19654,2
19655,0
19656,0
19657,2
19658,0
19659,0
19660,1
19661,0
19662,1
19663,2
19664,0
19665,2
19666,0
19667,2
19668,2
19669,2
19670,2
19671,0
19672,0
19673,2
19674,1
19675,2
19676,0
19677,0
19678,0
19679,0
19680,2
19681,0
19682,1
19683,1
19684,1
19685,1
19686,1
19687,0
19688,0
19689,0
19690,2
19691,2
19692,0
19693,0
19694,2
19695,0
19696,0
19697,1
19698,2
19699,2
19700,2
19701,0
19702,2
19703,1
19704,1
19705,0
19706,2
19707,2
19708,0
19709,0
19710,0
19711,0
19712,2
19713,2
19714,0
19715,1
19716,0
19717,1
19718,0
19719,2
19720,1
19721,2
19722,0
19723,1
19724,1
19725,1
19726,1
19727,2
19728,2
19729,1
19730,0
19731,0
19732,1
19733,2
19734,0
19735,0
19736,2
19737,0
19738,0
19739,0
19740,0
19741,0
19742,0
19743,1
19744,0
19745,0
19746,0
19747,0
19748,1
19749,0
19750,0
19751,0
19752,0
19753,1
19754,0
19755,1
19756,1
19757,2
19758,0
19759,0
19760,0
19761,0
19762,2
19763,0
19764,1
19765,0
19766,1
19767,0
19768,0
19769,0
19770,0
19771,2
19772,0
19773,0
19774,2
19775,0
19776,1
19777,0
19778,2
19779,2
19780,1
19781,1
19782,1
19783,2
19784,2
19785,2
19786,1
19787,0
19788,0
19789,0
19790,0
19791,1
19792,0
19793,1
19794,0
19795,0
19796,2
19797,1
19798,1
19799,2
19800,0
19801,1
19802,2
19803,2
19804,1
19805,0
19806,0
19807,0
19808,1
19809,2
19810,1
19811,0
19812,1
19813,0
19814,0
19815,2
19816,1
19817,1
19818,2
19819,0
19820,2
19821,1
19822,0
19823,2
19824,0
19825,2
19826,2
19827,2
19828,2
19829,1
19830,0
19831,1
19832,0
19833,0
19834,2
19835,1
19836,0
19837,0
19838,1
19839,0
19840,0
19841,2
19842,2
19843,0
19844,1
19845,0
19846,2
19847,2
19848,0
19849,0
19850,2
19851,2
19852,0
19853,1
19854,0
19855,2
19856,0
19857,0
19858,0
19859,1
19860,1
19861,1
19862,0
19863,0
19864,1
19865,1
19866,0
19867,0
19868,0
19869,2
19870,0
19871,0
19872,2
19873,2
19874,0
19875,0
19876,1
19877,2
19878,1
19879,0
19880,2
19881,0
19882,2
19883,0
19884,1
19885,0
19886,0
19887,1
19888,0
19889,0
19890,0
19891,2
19892,0
19893,1
19894,0
19895,1
19896,1
19897,1
19898,1
19899,2
19900,0
19901,0
19902,0
19903,1
19904,1
19905,2
19906,1
19907,2
19908,0
19909,0
19910,1
19911,0
19912,0
19913,1
19914,0
19915,2
19916,0
19917,1
19918,0
19919,0
19920,1
19921,1
19922,2
19923,0
19924,1
19925,2
19926,2
19927,1
19928,2
19929,0
19930,0
19931,0
19932,0
19933,0
19934,0
19935,0
19936,0
19937,0
19938,2
19939,2
19940,1
19941,0
19942,1
19943,0
19944,0
19945,1
19946,0
19947,0
19948,2
19949,0
19950,0
19951,1
19952,0
19953,0
19954,0
19955,0
19956,1
19957,1
19958,0
19959,0
19960,0
19961,0
19962,2
19963,2
19964,2
19965,1
19966,1
19967,0
19968,1
19969,2
19970,0
19971,0
19972,1
19973,0
19974,0
19975,1
19976,2
19977,0
19978,1
19979,1
19980,0
19981,1
19982,2
19983,2
19984,0
19985,1
19986,1
19987,1
19988,1
19989,0
19990,0
19991,0
19992,0
19993,1
19994,1
19995,0
19996,1
19997,0
19998,1
19999,2
20000,1
20001,1
20002,1
20003,2
20004,0
20005,1
20006,0
20007,2
20008,0
20009,0
20010,1
20011,1
20012,0
20013,1
20014,2
20015,1
20016,0
20017,0
20018,0
20019,2
20020,1
20021,2
20022,0
20023,2
20024,0
20025,2
20026,0
20027,1
20028,2
20029,2
20030,0
20031,1
20032,1
20033,0
20034,1
20035,0
20036,0
20037,0
20038,0
20039,1
20040,0
20041,1
20042,2
20043,0
20044,0
20045,0
20046,0
20047,0
20048,0
20049,2
20050,2
20051,2
20052,1
20053,2
20054,1
20055,1
20056,0
20057,2
20058,2
20059,2
20060,0
20061,1
20062,0
20063,1
20064,0
20065,2
20066,2
20067,2
20068,1
20069,2
20070,0
20071,0
20072,1
20073,1
20074,0
20075,0
20076,1
20077,0
20078,1
20079,0
20080,1
20081,0
20082,2
20083,1
20084,0
20085,1
20086,0
20087,0
20088,0
20089,0
20090,1
20091,1
20092,0
20093,0
20094,0
20095,1
20096,1
20097,2
20098,1
20099,0
20100,0
20101,2
20102,0
20103,0
20104,0
20105,0
20106,0
20107,1
20108,0
20109,0
20110,2
20111,0
20112,0
20113,1
20114,0
20115,2
20116,2
20117,0
20118,1
20119,1
20120,0
20121,2
20122,2
20123,1
20124,0
20125,2
20126,0
20127,0
20128,0
20129,1
20130,2
20131,0
20132,2
20133,2
20134,0
20135,2
20136,1
20137,1
20138,0
20139,1
20140,0
20141,1
20142,1
20143,1
20144,2
20145,0
20146,0
20147,2
20148,2
20149,0
20150,1
20151,2
20152,2
20153,0
20154,0
20155,0
20156,2
20157,2
20158,0
20159,0
20160,0
20161,0
20162,1
20163,2
20164,0
20165,0
20166,1
20167,1
20168,1
20169,0
20170,0
20171,2
20172,1
20173,2
20174,0
20175,0
20176,2
20177,0
20178,0
20179,0
20180,0
20181,2
20182,2
20183,2
20184,2
20185,2
20186,1
20187,2
20188,1
20189,2
20190,0
20191,1
20192,2
20193,0
20194,0
20195,1
20196,0
20197,0
20198,0
20199,2
20200,2
20201,0
20202,0
20203,2
20204,1
20205,1
20206,1
20207,2
20208,0
20209,1
20210,0
20211,1
20212,0
20213,1
20214,0
20215,0
20216,0
20217,1
20218,2
20219,0
20220,0
20221,2
20222,0
20223,2
20224,0
20225,0
20226,1
20227,1
20228,0
20229,1
20230,0
20231,0
20232,1
20233,2
20234,1
20235,0
20236,0
20237,2
20238,0
20239,2
20240,0
20241,1
20242,0
20243,0
20244,2
20245,0
20246,0
20247,0
20248,0
20249,2
20250,1
20251,1
20252,0
20253,1
20254,0
20255,0
20256,0
20257,0
20258,0
20259,0
20260,1
20261,1
20262,0
20263,2
20264,0
20265,0
20266,1
20267,0
20268,0
20269,0
20270,2
20271,1
20272,2
20273,0
20274,1
20275,0
20276,1
20277,0
20278,2
20279,0
20280,0
20281,2
20282,0
20283,0
20284,0
20285,1
20286,0
20287,0
20288,2
20289,1
20290,2
20291,0
20292,2
20293,2
20294,0
20295,2
20296,1
20297,1
20298,0
20299,1
20300,0
20301,0
20302,0
20303,0
20304,2
20305,1
20306,0
20307,0
20308,2
20309,1
20310,0
20311,0
20312,2
20313,0
20314,1
20315,1
20316,2
20317,0
20318,1
20319,0
20320,2
20321,0
20322,1
20323,2
20324,2
20325,0
20326,2
20327,1
20328,1
20329,1
20330,0
20331,2
20332,0
20333,0
20334,0
20335,1
20336,0
20337,2
20338,0
20339,0
20340,1
20341,0
20342,0
20343,1
20344,1
20345,0
20346,1
20347,2
20348,0
20349,2
20350,0
20351,2
20352,2
20353,1
20354,0
20355,1
20356,0
20357,1
20358,0
20359,0
20360,2
20361,0
20362,1
20363,2
20364,1
20365,2
20366,1
20367,1
20368,2
20369,2
20370,0
20371,0
20372,0
20373,0
20374,0
20375,1
20376,0
20377,1
20378,0
20379,0
20380,2
20381,2
20382,2
20383,2
20384,2
20385,0
20386,1
20387,0
20388,0
20389,0
20390,2
20391,0
20392,1
20393,2
20394,1
20395,1
20396,0
20397,2
20398,0
20399,2
20400,2
20401,1
20402,1
20403,2
20404,1
20405,1
20406,0
20407,0
20408,2
20409,2
20410,2
20411,0
20412,0
20413,1
20414,0
20415,2
20416,0
20417,0
20418,0
20419,0
20420,0
20421,2
20422,0
20423,1
20424,2
20425,2
20426,0
20427,2
20428,1
20429,1
20430,0
20431,2
20432,0
20433,1
20434,2
20435,1
20436,1
20437,2
20438,1
20439,0
20440,2
20441,0
20442,1
20443,2
20444,0
20445,0
20446,0
20447,2
20448,1
20449,1
20450,0
20451,0
20452,2
20453,1
20454,0
20455,1
20456,1
20457,2
20458,2
20459,0
20460,0
20461,0
20462,0
20463,0
20464,1
20465,1
20466,2
20467,1
20468,0
20469,1
20470,0
20471,0
20472,1
20473,2
20474,1
20475,0
20476,1
20477,0
20478,0
20479,1
20480,1
20481,2
20482,1
20483,2
20484,0
20485,1
20486,0
20487,1
20488,0
20489,0
20490,1
20491,2
20492,2
20493,0
20494,0
20495,1
20496,1
20497,0
20498,0
20499,2
20500,0
20501,0
20502,2
20503,0
20504,1
20505,2
20506,0
20507,1
20508,0
20509,0
20510,0
20511,1
20512,1
20513,0
20514,2
20515,0
20516,1
20517,0
20518,0
20519,2
20520,0
20521,1
20522,0
20523,2
20524,0
20525,1
20526,0
20527,0
20528,0
20529,1
20530,0
20531,0
20532,0
20533,1
20534,1
20535,0
20536,0
20537,2
20538,1
20539,2
20540,1
20541,1
20542,2
20543,0
20544,1
20545,1
20546,0
20547,1
20548,1
20549,2
20550,0
20551,2
20552,0
20553,1
20554,2
20555,2
20556,2
20557,2
20558,0
20559,0
20560,0
20561,0
20562,1
20563,1
20564,1
20565,0
20566,0
20567,0
20568,1
20569,0
20570,0
20571,0
20572,2
20573,1
20574,2
20575,1
20576,1
20577,1
20578,2
20579,0
20580,0
20581,1
20582,0
20583,0
20584,2
20585,0
20586,0
20587,1
20588,0
20589,0
20590,2
20591,0
20592,1
20593,0
20594,1
20595,2
20596,1
20597,1
20598,0
20599,0
20600,0
20601,0
20602,0
20603,1
20604,2
20605,0
20606,0
20607,2
20608,1
20609,0
20610,0
20611,2
20612,0
20613,0
20614,0
20615,2
20616,1
20617,0
20618,0
20619,1
20620,2
20621,1
20622,2
20623,1
20624,1
20625,1
20626,2
20627,0
20628,0
20629,1
20630,0
20631,0
20632,0
20633,0
20634,2
20635,0
20636,1
20637,0
20638,2
20639,0
20640,2
20641,2
20642,1
20643,1
20644,0
20645,1
20646,0
20647,1
20648,2
20649,0
20650,0
20651,0
20652,0
20653,2
20654,0
20655,0
20656,0
20657,0
20658,0
20659,0
20660,1
20661,2
20662,1
20663,2
20664,2
20665,0
20666,0
20667,0
20668,2
20669,0
20670,2
20671,2
20672,1
20673,0
20674,1
20675,0
20676,2
20677,2
20678,1
20679,2
20680,0
20681,2
20682,0
20683,2
20684,1
20685,0
20686,2
20687,0
20688,0
20689,0
20690,1
20691,0
20692,0
20693,0
20694,2
20695,0
20696,0
20697,1
20698,1
20699,0
20700,0
20701,0
20702,0
20703,0
20704,0
20705,1
20706,1
20707,2
20708,1
20709,0
20710,1
20711,1
20712,1
20713,2
20714,2
20715,1
20716,1
20717,0
20718,0
20719,2
20720,1
20721,0
20722,0
20723,0
20724,1
20725,1
20726,1
20727,2
20728,2
20729,0
20730,0
20731,0
20732,2
20733,0
20734,2
20735,2
20736,2
20737,0
20738,0
20739,1
20740,1
20741,2
20742,0
20743,0
20744,0
20745,1
20746,1
20747,0
20748,1
20749,0
20750,2
20751,1
20752,0
20753,2
20754,2
20755,0
20756,2
20757,0
20758,0
20759,0
20760,0
20761,2
20762,0
20763,0
20764,1
20765,0
20766,0
20767,0
20768,0
20769,0
20770,0
20771,1
20772,2
20773,1
20774,2
20775,0
20776,1
20777,2
20778,1
20779,0
20780,0
20781,0
20782,0
20783,1
20784,0
20785,2
20786,0
20787,0
20788,1
20789,1
20790,0
20791,0
20792,0
20793,2
20794,0
20795,2
20796,2
20797,2
20798,2
20799,0
20800,0
20801,2
20802,1
20803,2
20804,2
20805,2
20806,0
20807,2
20808,2
20809,0
20810,1
20811,2
20812,1
20813,0
20814,1
20815,1
20816,1
20817,0
20818,0
20819,1
20820,0
20821,0
20822,0
20823,1
20824,0
20825,0
20826,0
20827,1
20828,0
20829,1
20830,0
20831,2
20832,1
20833,1
20834,0
20835,1
20836,1
20837,2
20838,0
20839,2
20840,2
20841,2
20842,0
20843,0
20844,1
20845,1
20846,1
20847,1
20848,0
20849,1
20850,1
20851,2
20852,0
20853,1
20854,0
20855,0
20856,2
20857,0
20858,0
20859,0
20860,0
20861,0
20862,0
20863,0
20864,0
20865,1
20866,0
20867,0
20868,1
20869,2
20870,2
20871,2
20872,2
20873,0
20874,1
20875,0
20876,2
20877,1
20878,0
20879,2
20880,0
20881,2
20882,1
20883,2
20884,0
20885,2
20886,0
20887,1
20888,1
20889,0
20890,1
20891,0
20892,0
20893,0
20894,0
20895,0
20896,2
20897,1
20898,1
20899,0
20900,2
20901,1
20902,0
20903,2
20904,2
20905,1
20906,0
20907,1
20908,0
20909,2
20910,0
20911,0
20912,2
20913,0
20914,0
20915,0
20916,1
20917,0
20918,0
20919,2
20920,0
20921,0
20922,0
20923,0
20924,1
20925,0
20926,0
20927,0
20928,2
20929,0
20930,1
20931,0
20932,1
20933,1
20934,2
20935,1
20936,0
20937,2
20938,0
20939,0
20940,0
20941,1
20942,1
20943,1
20944,2
20945,2
20946,2
20947,0
20948,1
20949,0
20950,0
20951,2
20952,0
20953,0
20954,0
20955,0
20956,1
20957,2
20958,2
20959,0
20960,0
20961,0
20962,2
20963,0
20964,1
20965,2
20966,0
20967,0
20968,0
20969,0
20970,1
20971,2
20972,1
20973,0
20974,2
20975,0
20976,1
20977,1
20978,0
20979,0
20980,1
20981,0
20982,2
20983,1
20984,0
20985,0
20986,0
20987,1
20988,1
20989,0
20990,0
20991,2
20992,0
20993,2
20994,1
20995,2
20996,2
20997,1
20998,2
20999,2
21000,0
21001,0
21002,2
21003,0
21004,2
21005,2
21006,0
21007,0
21008,1
21009,0
21010,1
21011,1
21012,2
21013,2
21014,2
21015,0
21016,0
21017,0
21018,0
21019,1
21020,0
21021,2
21022,0
21023,1
21024,0
21025,0
21026,0
21027,0
21028,2
21029,1
21030,2
21031,1
21032,0
21033,0
21034,1
21035,1
21036,2
21037,1
21038,0
21039,0
21040,0
21041,0
21042,0
21043,1
21044,0
21045,0
21046,2
21047,1
21048,2
21049,2
21050,0
21051,1
21052,1
21053,1
21054,0
21055,0
21056,1
21057,1
21058,0
21059,0
21060,2
21061,0
21062,1
21063,2
21064,1
21065,1
21066,2
21067,1
21068,1
21069,1
21070,1
21071,2
21072,1
21073,2
21074,0
21075,2
21076,0
21077,1
21078,0
21079,2
21080,1
21081,0
21082,2
21083,0
21084,0
21085,0
21086,0
21087,0
21088,0
21089,0
21090,0
21091,1
21092,0
21093,1
21094,2
21095,0
21096,2
21097,0
21098,0
21099,2
21100,1
21101,2
21102,0
21103,0
21104,0
21105,1
21106,1
21107,0
21108,1
21109,1
21110,1
21111,1
21112,1
21113,0
21114,0
21115,0
21116,0
21117,2
21118,2
21119,2
21120,0
21121,0
21122,1
21123,0
21124,0
21125,2
21126,1
21127,1
21128,0
21129,0
21130,0
21131,0
21132,2
21133,1
21134,0
21135,0
21136,1
21137,0
21138,2
21139,1
21140,0
21141,1
21142,1
21143,0
21144,2
21145,0
21146,2
21147,2
21148,0
21149,2
21150,2
21151,0
21152,1
21153,0
21154,1
21155,0
21156,2
21157,2
21158,0
21159,0
21160,0
21161,1
21162,0
21163,2
21164,1
21165,1
21166,0
21167,0
21168,1
21169,1
21170,0
21171,0
21172,0
21173,0
21174,2
21175,2
21176,2
21177,0
21178,2
21179,0
21180,0
21181,1
21182,2
21183,1
21184,2
21185,2
21186,0
21187,1
21188,1
21189,1
21190,1
21191,2
21192,1
21193,1
21194,0
21195,0
21196,2
21197,1
21198,1
21199,2
21200,0
21201,0
21202,0
21203,0
21204,0
21205,1
21206,2
21207,1
21208,0
21209,1
21210,1
21211,0
21212,2
21213,0
21214,2
21215,0
21216,0
21217,2
21218,0
21219,0
21220,0
21221,0
21222,2
21223,0
21224,1
21225,1
21226,0
21227,0
21228,1
21229,2
21230,1
21231,0
21232,1
21233,0
21234,0
21235,0
21236,1
21237,0
21238,1
21239,1
21240,1
21241,0
21242,2
21243,1
21244,1
21245,0
21246,0
21247,0
21248,2
21249,1
21250,1
21251,2
21252,0
21253,0
21254,0
21255,0
21256,1
21257,1
21258,0
21259,0
21260,0
21261,1
21262,0
21263,0
21264,2
21265,2
21266,0
21267,0
21268,1
21269,1
21270,1
21271,0
21272,0
21273,0
21274,0
21275,0
21276,2
21277,1
21278,1
21279,0
21280,2
21281,2
21282,0
21283,1
21284,1
21285,0
21286,0
21287,0
21288,0
21289,2
21290,1
21291,0
21292,0
21293,2
21294,0
21295,2
21296,2
21297,0
21298,0
21299,2
21300,2
21301,1
21302,2
21303,1
21304,2
21305,2
21306,1
21307,1
21308,1
21309,0
21310,0
21311,2
21312,0
21313,2
21314,0
21315,0
21316,1
21317,1
21318,1
21319,0
21320,0
21321,1
21322,2
21323,0
21324,1
21325,0
21326,2
21327,0
21328,2
21329,2
21330,1
21331,0
21332,2
21333,1
21334,0
21335,0
21336,1
21337,1
21338,0
21339,1
21340,0
21341,1
21342,1
21343,2
21344,0
21345,2
21346,1
21347,0
21348,2
21349,0
21350,0
21351,0
21352,1
21353,0
21354,2
21355,1
21356,1
21357,1
21358,0
21359,1
21360,0
21361,0
21362,2
21363,0
21364,1
21365,0
21366,2
21367,0
21368,0
21369,0
21370,0
21371,2
21372,1
21373,0
21374,0
21375,0
21376,0
21377,0
21378,1
21379,0
21380,0
21381,2
21382,2
21383,2
21384,0
21385,0
21386,0
21387,0
21388,0
21389,2
21390,0
21391,0
21392,1
21393,2
21394,0
21395,2
21396,0
21397,1
21398,0
21399,0
21400,0
21401,1
21402,0
21403,0
21404,1
21405,2
21406,0
21407,2
21408,2
21409,0
21410,1
21411,0
21412,2
21413,1
21414,1
21415,2
21416,0
21417,2
21418,0
21419,1
21420,2
21421,1
21422,2
21423,2
21424,0
21425,0
21426,0
21427,0
21428,2
21429,0
21430,0
21431,0
21432,2
21433,1
21434,0
21435,1
21436,0
21437,0
21438,1
21439,0
21440,0
21441,0
21442,2
21443,1
21444,1
21445,1
21446,1
21447,0
21448,1
21449,1
21450,1
21451,2
21452,0
21453,1
21454,0
21455,1
21456,0
21457,2
21458,0
21459,2
21460,2
21461,1
21462,1
21463,2
21464,1
21465,2
21466,2
21467,2
21468,2
21469,1
21470,1
21471,1
21472,2
21473,0
21474,1
21475,0
21476,0
21477,0
21478,0
21479,2
21480,1
21481,1
21482,2
21483,0
21484,1
21485,1
21486,0
21487,0
21488,2
21489,1
21490,1
21491,0
21492,2
21493,0
21494,0
21495,1
21496,1
21497,1
21498,2
21499,1
21500,0
21501,2
21502,2
21503,1
21504,0
21505,2
21506,0
21507,0
21508,0
21509,0
21510,0
21511,0
21512,2
21513,2
21514,1
21515,1
21516,2
21517,0
21518,0
21519,0
21520,0
21521,0
21522,2
21523,2
21524,2
21525,0
21526,0
21527,1
21528,1
21529,2
21530,0
21531,0
21532,1
21533,1
21534,1
21535,2
21536,1
21537,2
21538,1
21539,2
21540,2
21541,2
21542,1
21543,1
21544,0
21545,2
21546,2
21547,2
21548,1
21549,2
21550,0
21551,2
21552,2
21553,2
21554,0
21555,0
21556,0
21557,1
21558,2
21559,2
21560,2
21561,0
21562,2
21563,0
21564,1
21565,0
21566,2
21567,0
21568,2
21569,0
21570,2
21571,0
21572,1
21573,1
21574,0
21575,1
21576,2
21577,1
21578,0
21579,0
21580,1
21581,0
21582,1
21583,1
21584,1
21585,2
21586,0
21587,0
21588,1
21589,2
21590,1
21591,2
21592,2
21593,2
21594,2
21595,0
21596,0
21597,0
21598,2
21599,0
21600,2
21601,0
21602,1
21603,1
21604,0
21605,0
21606,0
21607,0
21608,0
21609,2
21610,0
21611,0
21612,1
21613,1
21614,2
21615,0
21616,0
21617,1
21618,0
21619,0
21620,0
21621,0
21622,0
21623,2
21624,0
21625,2
21626,1
21627,0
21628,0
21629,2
21630,1
21631,2
21632,0
21633,1
21634,2
21635,1
21636,0
21637,1
21638,1
21639,0
21640,2
21641,1
21642,0
21643,0
21644,2
21645,0
21646,0
21647,1
21648,1
21649,0
21650,1
21651,0
21652,1
21653,1
21654,0
21655,2
21656,0
21657,1
21658,0
21659,0
21660,2
21661,0
21662,1
21663,0
21664,2
21665,1
21666,2
21667,0
21668,0
21669,2
21670,0
21671,1
21672,0
21673,0
21674,0
21675,0
21676,0
21677,1
21678,0
21679,1
21680,2
21681,0
21682,0
21683,0
21684,0
21685,1
21686,0
21687,1
21688,0
21689,0
21690,2
21691,1
21692,2
21693,2
21694,0
21695,1
21696,0
21697,2
21698,2
21699,2
21700,1
21701,2
21702,2
21703,0
21704,2
21705,0
21706,1
21707,1
21708,0
21709,1
21710,2
21711,0
21712,2
21713,0
21714,0
21715,0
21716,1
21717,1
21718,0
21719,0
21720,1
21721,0
21722,1
21723,1
21724,2
21725,0
21726,0
21727,1
21728,1
21729,0
21730,1
21731,1
21732,2
21733,2
21734,0
21735,1
21736,0
21737,1
21738,0
21739,2
21740,0
21741,2
21742,0
21743,0
21744,2
21745,0
21746,0
21747,0
21748,0
21749,1
21750,0
21751,0
21752,2
21753,1
21754,2
21755,0
21756,0
21757,0
21758,0
21759,0
21760,2
21761,1
21762,1
21763,1
21764,0
21765,0
21766,2
21767,1
21768,0
21769,1
21770,0
21771,1
21772,0
21773,2
21774,1
21775,1
21776,0
21777,0
21778,2
21779,0
21780,1
21781,2
21782,1
21783,2
21784,2
21785,1
21786,0
21787,2
21788,1
21789,1
21790,2
21791,2
21792,0
21793,1
21794,0
21795,0
21796,1
21797,0
21798,2
21799,2
21800,1
21801,2
21802,1
21803,1
21804,2
21805,1
21806,0
21807,0
21808,1
21809,1
21810,0
21811,0
21812,0
21813,1
21814,0
21815,0
21816,0
21817,0
21818,1
21819,0
21820,1
21821,0
21822,2
21823,2
21824,0
21825,0
21826,2
21827,2
21828,2
21829,2
21830,0
21831,0
21832,2
21833,1
21834,1
21835,0
21836,2
21837,2
21838,1
21839,1
21840,2
21841,2
21842,0
21843,0
21844,0
21845,2
21846,0
21847,0
21848,0
21849,0
21850,0
21851,1
21852,0
21853,0
21854,0
21855,2
21856,2
21857,2
21858,0
21859,0
21860,0
21861,0
21862,0
21863,1
21864,2
21865,1
21866,0
21867,1
21868,0
21869,0
21870,2
21871,0
21872,0
21873,2
21874,1
21875,0
21876,0
21877,0
21878,0
21879,2
21880,0
21881,2
21882,2
21883,0
21884,2
21885,2
21886,2
21887,2
21888,1
21889,0
21890,1
21891,2
21892,1
21893,2
21894,0
21895,2
21896,0
21897,1
21898,2
21899,0
21900,0
21901,0
21902,0
21903,0
21904,2
21905,0
21906,1
21907,0
21908,2
21909,0
21910,2
21911,0
21912,1
21913,0
21914,0
21915,0
21916,0
21917,0
21918,1
21919,1
21920,2
21921,0
21922,2
21923,1
21924,0
21925,2
21926,1
21927,2
21928,0
21929,0
21930,1
21931,2
21932,2
21933,0
21934,0
21935,2
21936,0
21937,1
21938,0
21939,1
21940,1
21941,0
21942,0
21943,0
21944,0
21945,0
21946,0
21947,1
21948,1
21949,1
21950,0
21951,2
21952,1
21953,0
21954,2
21955,0
21956,2
21957,0
21958,2
21959,0
21960,1
21961,2
21962,0
21963,0
21964,0
21965,1
21966,1
21967,0
21968,0
21969,2
21970,0
21971,0
21972,1
21973,0
21974,1
21975,2
21976,0
21977,1
21978,1
21979,2
21980,2
21981,1
21982,2
21983,0
21984,0
21985,1
21986,0
21987,1
21988,1
21989,0
21990,1
21991,1
21992,0
21993,0
21994,0
21995,2
21996,2
21997,0
21998,0
21999,1
22000,1
22001,0
22002,1
22003,0
22004,0
22005,1
22006,2
22007,0
22008,0
22009,0
22010,0
22011,0
22012,0
22013,0
22014,1
22015,0
22016,1
22017,2
22018,0
22019,1
22020,0
22021,0
22022,1
22023,1
22024,2
22025,1
22026,2
22027,2
22028,2
22029,0
22030,0
22031,1
22032,0
22033,0
22034,0
22035,0
22036,0
22037,2
22038,0
22039,0
22040,0
22041,0
22042,1
22043,1
22044,1
22045,0
22046,0
22047,0
22048,0
22049,0
22050,0
22051,0
22052,0
22053,1
22054,2
22055,2
22056,1
22057,0
22058,1
22059,0
22060,0
22061,0
22062,0
22063,0
22064,0
22065,2
22066,2
22067,2
22068,1
22069,0
22070,1
22071,0
22072,0
22073,1
22074,0
22075,0
22076,0
22077,0
22078,1
22079,1
22080,1
22081,0
22082,2
22083,0
22084,0
22085,2
22086,0
22087,1
22088,2
22089,2
22090,1
22091,1
22092,0
22093,0
22094,2
22095,2
22096,1
22097,0
22098,0
22099,0
22100,0
22101,2
22102,2
22103,0
22104,2
22105,0
22106,1
22107,2
22108,0
22109,0
22110,1
22111,1
22112,0
22113,1
22114,0
22115,2
22116,1
22117,2
22118,0
22119,2
22120,1
22121,2
22122,1
22123,2
22124,0
22125,0
22126,2
22127,1
22128,0
22129,0
22130,0
22131,1
22132,1
22133,1
22134,1
22135,0
22136,2
22137,0
22138,1
22139,0
22140,2
22141,0
22142,0
22143,1
22144,1
22145,1
22146,0
22147,0
22148,0
22149,0
22150,1
22151,0
22152,1
22153,0
22154,1
22155,1
22156,2
22157,1
22158,0
22159,0
22160,0
22161,0
22162,0
22163,0
22164,1
22165,0
22166,1
22167,2
22168,0
22169,0
22170,2
22171,0
22172,1
22173,2
22174,0
22175,1
22176,0
22177,0
22178,0
22179,0
22180,2
22181,1
22182,2
22183,2
22184,0
22185,0
22186,1
22187,2
22188,0
22189,2
22190,2
22191,0
22192,1
22193,0
22194,1
22195,0
22196,1
22197,0
22198,2
22199,2
22200,0
22201,1
22202,1
22203,1
22204,2
22205,0
22206,0
22207,0
22208,0
22209,1
22210,0
22211,0
22212,1
22213,0
22214,0
22215,0
22216,2
22217,0
22218,1
22219,2
22220,0
22221,0
22222,1
22223,2
22224,2
22225,0
22226,2
22227,2
22228,0
22229,0
22230,1
22231,1
22232,2
22233,1
22234,0
22235,0
22236,2
22237,0
22238,2
22239,0
22240,0
22241,0
22242,2
22243,1
22244,1
22245,0
22246,2
22247,1
22248,0
22249,0
22250,2
22251,1
22252,0
22253,2
22254,0
22255,1
22256,0
22257,0
22258,0
22259,0
22260,0
22261,0
22262,2
22263,0
22264,2
22265,2
22266,2
22267,0
22268,0
22269,1
22270,1
22271,1
22272,2
22273,0
22274,0
22275,1
22276,1
22277,0
22278,0
22279,0
22280,2
22281,0
22282,1
22283,2
22284,1
22285,0
22286,2
22287,1
22288,1
22289,0
22290,2
22291,0
22292,2
22293,0
22294,2
22295,2
22296,0
22297,0
22298,0
22299,0
22300,0
22301,1
22302,0
22303,1
22304,1
22305,0
22306,2
22307,0
22308,1
22309,1
22310,0
22311,2
22312,1
22313,1
22314,1
22315,0
22316,1
22317,1
22318,0
22319,0
22320,0
22321,1
22322,1
22323,0
22324,0
22325,2
22326,0
22327,0
22328,1
22329,2
22330,0
22331,1
22332,0
22333,0
22334,2
22335,2
22336,2
22337,2
22338,1
22339,1
22340,2
22341,2
22342,1
22343,0
22344,2
22345,0
22346,1
22347,2
22348,2
22349,0
22350,1
22351,2
22352,2
22353,0
22354,0
22355,2
22356,1
22357,0
22358,1
22359,1
22360,0
22361,2
22362,2
22363,0
22364,0
22365,0
22366,0
22367,0
22368,1
22369,2
22370,2
22371,0
22372,0
22373,0
22374,2
22375,1
22376,0
22377,2
22378,0
22379,0
22380,1
22381,1
22382,1
22383,0
22384,1
22385,0
22386,0
22387,0
22388,2
22389,1
22390,2
22391,0
22392,0
22393,2
22394,0
22395,0
22396,0
22397,0
22398,2
22399,0
22400,2
22401,0
22402,1
22403,2
22404,0
22405,1
22406,0
22407,1
22408,2
22409,2
22410,1
22411,0
22412,2
22413,2
22414,0
22415,2
22416,2
22417,2
22418,1
22419,0
22420,1
22421,0
22422,1
22423,0
22424,0
22425,1
22426,0
22427,0
22428,0
22429,0
22430,2
22431,1
22432,0
22433,0
22434,2
22435,2
22436,0
22437,2
22438,0
22439,0
22440,0
22441,2
22442,1
22443,0
22444,1
22445,1
22446,1
22447,2
22448,0
22449,0
22450,0
22451,0
22452,0
22453,1
22454,0
22455,0
22456,0
22457,0
22458,1
22459,0
22460,1
22461,1
22462,0
22463,1
22464,1
22465,2
22466,0
22467,0
22468,2
22469,1
22470,0
22471,2
22472,2
22473,0
22474,1
22475,0
22476,2
22477,0
22478,0
22479,0
22480,0
22481,1
22482,1
22483,0
22484,0
22485,0
22486,2
22487,0
22488,0
22489,0
22490,0
22491,0
22492,2
22493,2
22494,1
22495,2
22496,2
22497,1
22498,0
22499,0
22500,1
22501,2
22502,0
22503,1
22504,2
22505,2
22506,2
22507,2
22508,0
22509,1
22510,0
22511,1
22512,0
22513,2
22514,0
22515,0
22516,1
22517,0
22518,2
22519,0
22520,0
22521,2
22522,0
22523,1
22524,1
22525,1
22526,2
22527,0
22528,0
22529,0
22530,2
22531,0
22532,0
22533,1
22534,1
22535,0
22536,1
22537,0
22538,1
22539,0
22540,0
22541,2
22542,1
22543,0
22544,1
22545,0
22546,0
22547,0
22548,0
22549,0
22550,1
22551,1
22552,0
22553,0
22554,2
22555,2
22556,2
22557,1
22558,1
22559,0
22560,1
22561,0
22562,1
22563,2
22564,2
22565,1
22566,1
22567,0
22568,0
22569,0
22570,1
22571,0
22572,0
22573,1
22574,1
22575,1
22576,0
22577,0
22578,0
22579,1
22580,0
22581,0
22582,2
22583,2
22584,0
22585,1
22586,2
22587,2
22588,0
22589,2
22590,2
22591,0
22592,1
22593,2
22594,1
22595,1
22596,2
22597,0
22598,0
22599,1
22600,0
22601,1
22602,0
22603,2
22604,0
22605,2
22606,0
22607,2
22608,0
22609,0
22610,0
22611,0
22612,1
22613,0
22614,0
22615,1
22616,2
22617,0
22618,0
22619,0
22620,2
22621,2
22622,0
22623,0
22624,1
22625,2
22626,0
22627,0
22628,0
22629,1
22630,0
22631,1
22632,0
22633,0
22634,2
22635,2
22636,2
22637,1
22638,0
22639,0
22640,0
22641,2
22642,2
22643,1
22644,1
22645,0
22646,0
22647,2
22648,2
22649,1
22650,0
22651,1
22652,0
22653,1
22654,0
22655,2
22656,0
22657,1
22658,0
22659,1
22660,0
22661,2
22662,1
22663,1
22664,0
22665,1
22666,2
22667,2
22668,1
22669,0
22670,0
22671,0
22672,0
22673,0
22674,0
22675,0
22676,2
22677,1
22678,2
22679,1
22680,0
22681,0
22682,0
22683,1
22684,0
22685,2
22686,0
22687,1
22688,2
22689,1
22690,1
22691,0
22692,0
22693,2
22694,2
22695,0
22696,0
22697,2
22698,2
22699,0
22700,1
22701,0
22702,0
22703,2
22704,2
22705,1
22706,1
22707,0
22708,0
22709,2
22710,0
22711,2
22712,0
22713,1
22714,1
22715,2
22716,0
22717,2
22718,2
22719,0
22720,2
22721,2
22722,1
22723,0
22724,0
22725,0
22726,1
22727,0
22728,1
22729,1
22730,1
22731,1
22732,0
22733,1
22734,2
22735,0
22736,1
22737,2
22738,1
22739,0
22740,0
22741,1
22742,1
22743,0
22744,1
22745,1
22746,2
22747,0
22748,0
22749,0
22750,1
22751,1
22752,0
22753,0
22754,0
22755,1
22756,0
22757,0
22758,2
22759,0
22760,1
22761,0
22762,0
22763,0
22764,2
22765,0
22766,2
22767,1
22768,1
22769,1
22770,0
22771,0
22772,1
22773,0
22774,0
22775,2
22776,0
22777,0
22778,2
22779,1
22780,0
22781,2
22782,0
22783,0
22784,1
22785,0
22786,0
22787,0
22788,2
22789,0
22790,0
22791,0
22792,0
22793,0
22794,0
22795,2
22796,0
22797,2
22798,2
22799,0
22800,0
22801,2
22802,0
22803,1
22804,0
22805,2
22806,2
22807,2
22808,2
22809,1
22810,1
22811,1
22812,1
22813,2
22814,1
22815,2
22816,1
22817,0
22818,1
22819,2
22820,2
22821,0
22822,0
22823,0
22824,0
22825,0
22826,2
22827,0
22828,0
22829,1
22830,2
22831,1
22832,2
22833,1
22834,1
22835,0
22836,2
22837,1
22838,0
22839,0
22840,0
22841,0
22842,1
22843,0
22844,0
22845,0
22846,2
22847,0
22848,0
22849,0
22850,0
22851,2
22852,1
22853,1
22854,0
22855,0
22856,1
22857,2
22858,1
22859,1
22860,2
22861,1
22862,2
22863,0
22864,0
22865,0
22866,0
22867,2
22868,0
22869,2
22870,2
22871,2
22872,0
22873,0
22874,0
22875,0
22876,0
22877,1
22878,0
22879,0
22880,0
22881,0
22882,1
22883,1
22884,1
22885,0
22886,0
22887,0
22888,1
22889,0
22890,2
22891,0
22892,1
22893,0
22894,1
22895,1
22896,0
22897,1
22898,0
22899,1
22900,1
22901,0
22902,2
22903,0
22904,2
22905,1
22906,0
22907,2
22908,2
22909,2
22910,2
22911,0
22912,1
22913,0
22914,0
22915,0
22916,0
22917,2
22918,1
22919,1
22920,0
22921,2
22922,0
22923,1
22924,1
22925,2
22926,0
22927,0
22928,0
22929,0
22930,0
22931,0
22932,2
22933,0
22934,2
22935,0
22936,0
22937,0
22938,0
22939,0
22940,0
22941,0
22942,2
22943,1
22944,0
22945,1
22946,0
22947,1
22948,1
22949,0
22950,1
22951,1
22952,1
22953,2
22954,2
22955,2
22956,1
22957,1
22958,0
22959,0
22960,1
22961,0
22962,1
22963,1
22964,0
22965,0
22966,0
22967,2
22968,2
22969,2
22970,1
22971,1
22972,1
22973,0
22974,1
22975,0
22976,1
22977,1
22978,0
22979,0
22980,0
22981,0
22982,1
22983,2
22984,1
22985,0
22986,1
22987,2
22988,0
22989,2
22990,2
22991,0
22992,2
22993,0
22994,1
22995,1
22996,0
22997,2
22998,0
22999,0
23000,1
23001,2
23002,1
23003,2
23004,0
23005,0
23006,0
23007,1
23008,2
23009,1
23010,1
23011,0
23012,1
23013,1
23014,2
23015,1
23016,2
23017,2
23018,0
23019,0
23020,1
23021,0
23022,0
23023,0
23024,2
23025,1
23026,1
23027,0
23028,2
23029,2
23030,2
23031,0
23032,2
23033,1
23034,2
23035,1
23036,0
23037,0
23038,1
23039,1
23040,0
23041,1
23042,0
23043,1
23044,0
23045,1
23046,2
23047,0
23048,1
23049,2
23050,0
23051,1
23052,2
23053,0
23054,1
23055,1
23056,2
23057,2
23058,0
23059,2
23060,0
23061,2
23062,0
23063,0
23064,2
23065,0
23066,0
23067,0
23068,0
23069,0
23070,1
23071,2
23072,1
23073,2
23074,0
23075,2
23076,1
23077,0
23078,1
23079,0
23080,0
23081,0
23082,2
23083,2
23084,0
23085,0
23086,0
23087,0
23088,1
23089,1
23090,0
23091,0
23092,0
23093,0
23094,1
23095,0
23096,0
23097,0
23098,2
23099,0
23100,0
23101,1
23102,0
23103,0
23104,0
23105,0
23106,1
23107,1
23108,0
23109,2
23110,1
23111,1
23112,0
23113,0
23114,0
23115,1
23116,1
23117,0
23118,2
23119,0
23120,1
23121,0
23122,1
23123,0
23124,2
23125,0
23126,2
23127,0
23128,0
23129,0
23130,0
23131,0
23132,0
23133,0
23134,0
23135,0
23136,0
23137,1
23138,0
23139,2
23140,2
23141,0
23142,1
23143,1
23144,0
23145,2
23146,1
23147,0
23148,2
23149,0
23150,0
23151,0
23152,0
23153,1
23154,2
23155,0
23156,0
23157,2
23158,2
23159,2
23160,1
23161,0
23162,0
23163,0
23164,1
23165,1
23166,1
23167,0
23168,2
23169,0
23170,2
23171,0
23172,0
23173,0
23174,1
23175,0
23176,1
23177,0
23178,0
23179,1
23180,0
23181,1
23182,0
23183,0
23184,0
23185,2
23186,0
23187,0
23188,2
23189,0
23190,0
23191,0
23192,2
23193,0
23194,1
23195,0
23196,1
23197,0
23198,1
23199,1
23200,0
23201,0
23202,0
23203,2
23204,2
23205,2
23206,0
23207,1
23208,1
23209,0
23210,2
23211,0
23212,0
23213,0
23214,1
23215,0
23216,1
23217,0
23218,1
23219,0
23220,1
23221,0
23222,0
23223,0
23224,1
23225,1
23226,0
23227,1
23228,0
23229,1
23230,1
23231,0
23232,0
23233,2
23234,1
23235,0
23236,1
23237,0
23238,1
23239,2
23240,1
23241,0
23242,0
23243,2
23244,1
23245,1
23246,0
23247,0
23248,0
23249,1
23250,1
23251,0
23252,2
23253,1
23254,2
23255,0
23256,0
23257,2
23258,0
23259,0
23260,2
23261,0
23262,0
23263,0
23264,1
23265,1
23266,1
23267,1
23268,0
23269,1
23270,0
23271,1
23272,0
23273,1
23274,2
23275,2
23276,0
23277,0
23278,1
23279,1
23280,0
23281,0
23282,2
23283,0
23284,2
23285,1
23286,0
23287,0
23288,0
23289,0
23290,2
23291,1
23292,2
23293,0
23294,2
23295,0
23296,0
23297,1
23298,1
23299,0
23300,1
23301,2
23302,1
23303,1
23304,1
23305,2
23306,0
23307,1
23308,2
23309,0
23310,0
23311,0
23312,0
23313,1
23314,0
23315,2
23316,1
23317,0
23318,2
23319,2
23320,2
23321,2
23322,0
23323,2
23324,0
23325,1
23326,1
23327,0
23328,0
23329,2
23330,0
23331,2
23332,2
23333,0
23334,0
23335,0
23336,2
23337,0
23338,0
23339,1
23340,0
23341,1
23342,2
23343,1
23344,0
23345,1
23346,1
23347,0
23348,1
23349,0
23350,2
23351,0
23352,0
23353,0
23354,1
23355,0
23356,0
23357,1
23358,0
23359,1
23360,0
23361,0
23362,0
23363,1
23364,1
23365,0
23366,0
23367,0
23368,2
23369,2
23370,2
23371,0
23372,0
23373,0
23374,0
23375,2
23376,1
23377,0
23378,0
23379,0
23380,0
23381,0
23382,0
23383,1
23384,1
23385,0
23386,1
23387,1
23388,1
23389,1
23390,2
23391,0
23392,0
23393,1
23394,0
23395,1
23396,0
23397,0
23398,0
23399,0
23400,1
23401,0
23402,0
23403,1
23404,1
23405,2
23406,0
23407,2
23408,0
23409,1
23410,0
23411,0
23412,2
23413,0
23414,2
23415,0
23416,0
23417,0
23418,0
23419,2
23420,2
23421,1
23422,1
23423,0
23424,1
23425,2
23426,0
23427,2
23428,0
23429,1
23430,0
23431,1
23432,0
23433,2
23434,2
23435,2
23436,0
23437,1
23438,1
23439,1
23440,2
23441,0
23442,2
23443,0
23444,0
23445,0
23446,1
23447,0
23448,0
23449,0
23450,2
23451,1
23452,0
23453,2
23454,2
23455,0
23456,0
23457,1
23458,0
23459,2
23460,2
23461,2
23462,1
23463,0
23464,0
23465,2
23466,1
23467,0
23468,0
23469,1
23470,0
23471,0
23472,0
23473,2
23474,0
23475,0
23476,0
23477,1
23478,0
23479,1
23480,0
23481,1
23482,0
23483,0
23484,2
23485,2
23486,0
23487,0
23488,2
23489,2
23490,0
23491,1
23492,1
23493,2
23494,2
23495,1
23496,0
23497,0
23498,2
23499,1
23500,2
23501,0
23502,2
23503,2
23504,0
23505,2
23506,1
23507,1
23508,1
23509,1
23510,1
23511,0
23512,1
23513,0
23514,0
23515,1
23516,0
23517,2
23518,0
23519,0
23520,2
23521,1
23522,0
23523,2
23524,2
23525,0
23526,1
23527,1
23528,0
23529,2
23530,0
23531,2
23532,1
23533,0
23534,2
23535,2
23536,1
23537,1
23538,2
23539,1
23540,2
23541,0
23542,2
23543,0
23544,0
23545,0
23546,2
23547,0
23548,2
23549,1
23550,2
23551,0
23552,1
23553,2
23554,0
23555,2
23556,1
23557,2
23558,1
23559,0
23560,0
23561,0
23562,0
23563,0
23564,2
23565,2
23566,0
23567,1
23568,2
23569,0
23570,2
23571,1
23572,1
23573,0
23574,1
23575,0
23576,2
23577,0
23578,0
23579,2
23580,0
23581,0
23582,1
23583,0
23584,2
23585,1
23586,0
23587,0
23588,0
23589,0
23590,0
23591,0
23592,2
23593,0
23594,0
23595,1
23596,1
23597,0
23598,1
23599,0
23600,1
23601,1
23602,1
23603,1
23604,1
23605,0
23606,0
23607,0
23608,0
23609,1
23610,1
23611,2
23612,0
23613,0
23614,0
23615,2
23616,0
23617,0
23618,2
23619,2
23620,0
23621,2
23622,1
23623,0
23624,0
23625,1
23626,0
23627,0
23628,0
23629,0
23630,0
23631,1
23632,0
23633,1
23634,2
23635,0
23636,1
23637,0
23638,1
23639,0
23640,1
23641,1
23642,2
23643,2
23644,0
23645,2
23646,1
23647,2
23648,2
23649,0
23650,1
23651,1
23652,0
23653,2
23654,2
23655,1
23656,2
23657,1
23658,2
23659,0
23660,1
23661,2
23662,0
23663,0
23664,2
23665,0
23666,0
23667,2
23668,0
23669,1
23670,0
23671,1
23672,0
23673,0
23674,0
23675,1
23676,0
23677,2
23678,0
23679,0
23680,0
23681,1
23682,0
23683,1
23684,1
23685,0
23686,0
23687,1
23688,2
23689,0
23690,2
23691,0
23692,1
23693,2
23694,0
23695,0
23696,0
23697,1
23698,1
23699,0
23700,1
23701,1
23702,0
23703,1
23704,1
23705,1
23706,0
23707,0
23708,2
23709,0
23710,0
23711,2
23712,2
23713,0
23714,0
23715,2
23716,1
23717,0
23718,2
23719,0
23720,2
23721,0
23722,1
23723,0
23724,2
23725,1
23726,0
23727,1
23728,0
23729,1
23730,0
23731,2
23732,2
23733,1
23734,0
23735,0
23736,0
23737,0
23738,0
23739,1
23740,0
23741,2
23742,1
23743,0
23744,1
23745,0
23746,2
23747,2
23748,0
23749,0
23750,0
23751,1
23752,0
23753,1
23754,0
23755,1
23756,1
23757,0
23758,1
23759,0
23760,1
23761,2
23762,0
23763,1
23764,0
23765,2
23766,1
23767,1
23768,0
23769,1
23770,2
23771,0
23772,2
23773,2
23774,1
23775,0
23776,1
23777,0
23778,0
23779,0
23780,0
23781,1
23782,0
23783,2
23784,1
23785,0
23786,1
23787,1
23788,1
23789,1
23790,0
23791,0
23792,2
23793,0
23794,2
23795,1
23796,2
23797,1
23798,1
23799,2
23800,2
23801,2
23802,1
23803,0
23804,1
23805,2
23806,1
23807,0
23808,2
23809,0
23810,1
23811,2
23812,1
23813,0
23814,0
23815,2
23816,1
23817,0
23818,0
23819,0
23820,1
23821,1
23822,2
23823,1
23824,0
23825,0
23826,0
23827,0
23828,2
23829,0
23830,0
23831,1
23832,2
23833,0
23834,0
23835,2
23836,2
23837,2
23838,1
23839,0
23840,0
23841,0
23842,0
23843,2
23844,0
23845,1
23846,0
23847,1
23848,0
23849,1
23850,2
23851,0
23852,0
23853,0
23854,1
23855,2
23856,0
23857,0
23858,0
23859,1
23860,1
23861,0
23862,2
23863,0
23864,0
23865,2
23866,0
23867,0
23868,2
23869,2
23870,2
23871,0
23872,2
23873,0
23874,2
23875,0
23876,2
23877,0
23878,2
23879,1
23880,0
23881,0
23882,1
23883,1
23884,1
23885,0
23886,0
23887,1
23888,0
23889,0
23890,0
23891,1
23892,2
23893,1
23894,0
23895,0
23896,0
23897,0
23898,1
23899,0
23900,2
23901,1
23902,2
23903,0
23904,2
23905,0
23906,1
23907,1
23908,1
23909,0
23910,0
23911,0
23912,1
23913,1
23914,1
23915,2
23916,1
23917,2
23918,1
23919,2
23920,0
23921,2
23922,1
23923,0
23924,0
23925,1
23926,0
23927,0
23928,0
23929,2
23930,0
23931,0
23932,0
23933,0
23934,0
23935,0
23936,1
23937,0
23938,2
23939,1
23940,2
23941,2
23942,1
23943,0
23944,0
23945,1
23946,1
23947,2
23948,2
23949,1
23950,0
23951,0
23952,0
23953,1
23954,1
23955,1
23956,0
23957,0
23958,1
23959,0
23960,0
23961,0
23962,0
23963,0
23964,0
23965,0
23966,0
23967,1
23968,2
23969,0
23970,2
23971,2
23972,0
23973,0
23974,1
23975,1
23976,1
23977,1
23978,0
23979,1
23980,0
23981,0
23982,2
23983,1
23984,0
23985,0
23986,1
23987,0
23988,1
23989,2
23990,1
23991,1
23992,0
23993,0
23994,0
23995,0
23996,1
23997,0
23998,0
23999,0
24000,2
24001,1
24002,1
24003,2
24004,1
24005,0
24006,1
24007,2
24008,1
24009,0
24010,2
24011,1
24012,0
24013,0
24014,0
24015,0
24016,2
24017,2
24018,0
24019,2
24020,1
24021,0
24022,1
24023,0
24024,0
24025,2
24026,0
24027,0
24028,2
24029,2
24030,1
24031,1
24032,0
24033,0
24034,0
24035,1
24036,0
24037,1
24038,1
24039,0
24040,0
24041,0
24042,0
24043,0
24044,1
24045,0
24046,2
24047,0
24048,0
24049,1
24050,1
24051,0
24052,1
24053,1
24054,1
24055,2
24056,0
24057,2
24058,2
24059,2
24060,0
24061,0
24062,2
24063,0
24064,0
24065,1
24066,2
24067,0
24068,2
24069,0
24070,0
24071,2
24072,1
24073,0
24074,0
24075,1
24076,1
24077,1
24078,1
24079,1
24080,1
24081,2
24082,2
24083,1
24084,1
24085,0
24086,1
24087,1
24088,2
24089,0
24090,1
24091,2
24092,0
24093,0
24094,1
24095,0
24096,1
24097,1
24098,1
24099,1
24100,0
24101,1
24102,1
24103,0
24104,1
24105,1
24106,1
24107,1
24108,2
24109,1
24110,2
24111,2
24112,2
24113,1
24114,0
24115,0
24116,2
24117,1
24118,2
24119,0
24120,1
24121,0
24122,0
24123,0
24124,1
24125,0
24126,0
24127,0
24128,2
24129,2
24130,1
24131,0
24132,0
24133,1
24134,2
24135,0
24136,2
24137,2
24138,0
24139,2
24140,0
24141,2
24142,0
24143,0
24144,0
24145,1
24146,0
24147,0
24148,0
24149,0
24150,1
24151,0
24152,0
24153,0
24154,1
24155,0
24156,1
24157,1
24158,2
24159,0
24160,0
24161,0
24162,1
24163,1
24164,2
24165,2
24166,0
24167,1
24168,2
24169,2
24170,0
24171,0
24172,1
24173,0
24174,2
24175,0
24176,0
24177,1
24178,0
24179,1
24180,0
24181,1
24182,0
24183,1
24184,0
24185,0
24186,0
24187,1
24188,0
24189,0
24190,0
24191,0
24192,1
24193,0
24194,0
24195,1
24196,2
24197,0
24198,1
24199,2
24200,1
24201,2
24202,0
24203,1
24204,1
24205,1
24206,1
24207,0
24208,0
24209,0
24210,0
24211,1
24212,1
24213,1
24214,2
24215,0
24216,0
24217,0
24218,1
24219,1
24220,0
24221,1
24222,1
24223,0
24224,2
24225,1
24226,2
24227,2
24228,2
24229,0
24230,2
24231,2
24232,0
24233,0
24234,0
24235,2
24236,1
24237,1
24238,2
24239,2
24240,0
24241,0
24242,2
24243,0
24244,0
24245,1
24246,2
24247,0
24248,0
24249,0
24250,1
24251,0
24252,1
24253,1
24254,0
24255,0
24256,0
24257,0
24258,1
24259,1
24260,2
24261,1
24262,0
24263,0
24264,0
24265,2
24266,0
24267,2
24268,1
24269,0
24270,0
24271,2
24272,0
24273,0
24274,2
24275,0
24276,1
24277,1
24278,0
24279,0
24280,1
24281,0
24282,0
24283,1
24284,0
24285,1
24286,1
24287,0
24288,2
24289,1
24290,0
24291,2
24292,0
24293,2
24294,0
24295,0
24296,1
24297,2
24298,1
24299,0
24300,1
24301,0
24302,0
24303,0
24304,0
24305,2
24306,1
24307,0
24308,1
24309,2
24310,1
24311,1
24312,0
24313,1
24314,1
24315,0
24316,0
24317,1
24318,2
24319,2
24320,1
24321,0
24322,2
24323,0
24324,0
24325,2
24326,2
24327,2
24328,0
24329,1
24330,1
24331,2
24332,2
24333,1
24334,2
24335,0
24336,0
24337,2
24338,1
24339,1
24340,0
24341,2
24342,0
24343,1
24344,1
24345,0
24346,0
24347,0
24348,1
24349,1
24350,0
24351,0
24352,0
24353,0
24354,1
24355,0
24356,0
24357,0
24358,0
24359,2
24360,0
24361,0
24362,1
24363,1
24364,2
24365,2
24366,1
24367,0
24368,0
24369,2
24370,2
24371,1
24372,2
24373,1
24374,2
24375,1
24376,2
24377,2
24378,2
24379,1
24380,0
24381,0
24382,0
24383,1
24384,0
24385,0
24386,0
24387,2
24388,0
24389,0
24390,0
24391,0
24392,0
24393,0
24394,2
24395,1
24396,1
24397,0
24398,2
24399,2
24400,2
24401,0
24402,0
24403,2
24404,1
24405,0
24406,0
24407,1
24408,0
24409,1
24410,1
24411,0
24412,2
24413,1
24414,2
24415,0
24416,0
24417,2
24418,2
24419,0
24420,0
24421,1
24422,0
24423,2
24424,2
24425,0
24426,0
24427,1
24428,1
24429,0
24430,2
24431,2
24432,2
24433,1
24434,1
24435,0
24436,0
24437,2
24438,0
24439,0
24440,1
24441,0
24442,2
24443,1
24444,1
24445,1
24446,0
24447,0
24448,0
24449,0
24450,0
24451,0
24452,0
24453,1
24454,1
24455,1
24456,0
24457,0
24458,0
24459,2
24460,2
24461,0
24462,0
24463,1
24464,0
24465,1
24466,1
24467,0
24468,1
24469,1
24470,1
24471,1
24472,1
24473,0
24474,2
24475,1
24476,0
24477,0
24478,0
24479,0
24480,0
24481,0
24482,1
24483,0
24484,0
24485,0
24486,0
24487,1
24488,0
24489,0
24490,2
24491,1
24492,1
24493,0
24494,2
24495,1
24496,0
24497,2
24498,0
24499,0
24500,0
24501,2
24502,0
24503,1
24504,2
24505,0
24506,0
24507,2
24508,0
24509,0
24510,0
24511,1
24512,0
24513,0
24514,1
24515,2
24516,0
24517,0
24518,2
24519,0
24520,0
24521,0
24522,0
24523,1
24524,1
24525,2
24526,1
24527,2
24528,0
24529,1
24530,0
24531,1
24532,1
24533,0
24534,0
24535,0
24536,1
24537,0
24538,1
24539,1
24540,1
24541,2
24542,1
24543,1
24544,1
24545,2
24546,2
24547,0
24548,0
24549,0
24550,2
24551,0
24552,0
24553,2
24554,0
24555,1
24556,2
24557,0
24558,1
24559,2
24560,0
24561,1
24562,0
24563,0
24564,0
24565,1
24566,1
24567,1
24568,1
24569,2
24570,2
24571,0
24572,0
24573,1
24574,0
24575,2
24576,0
24577,1
24578,2
24579,2
24580,1
24581,0
24582,0
24583,2
24584,0
24585,0
24586,0
24587,0
24588,0
24589,0
24590,1
24591,0
24592,2
24593,0
24594,0
24595,2
24596,1
24597,0
24598,1
24599,1
24600,1
24601,0
24602,1
24603,1
24604,1
24605,1
24606,1
24607,0
24608,2
24609,0
24610,0
24611,0
24612,0
24613,2
24614,0
24615,2
24616,0
24617,0
24618,2
24619,0
24620,0
24621,1
24622,0
24623,2
24624,2
24625,1
24626,0
24627,1
24628,1
24629,0
24630,2
24631,0
24632,0
24633,0
24634,0
24635,1
24636,0
24637,0
24638,1
24639,1
24640,0
24641,0
24642,1
24643,0
24644,0
24645,0
24646,1
24647,0
24648,0
24649,1
24650,0
24651,0
24652,1
24653,1
24654,2
24655,2
24656,0
24657,1
24658,1
24659,0
24660,0
24661,1
24662,2
24663,2
24664,0
24665,2
24666,0
24667,2
24668,0
24669,2
24670,1
24671,0
24672,0
24673,1
24674,2
24675,0
24676,2
24677,0
24678,0
24679,0
24680,0
24681,0
24682,0
24683,2
24684,2
24685,0
24686,2
24687,0
24688,2
24689,0
24690,0
24691,1
24692,0
24693,1
24694,1
24695,0
24696,2
24697,1
24698,0
24699,1
24700,2
24701,2
24702,1
24703,0
24704,1
24705,1
24706,2
24707,0
24708,1
24709,2
24710,1
24711,1
24712,0
24713,2
24714,0
24715,0
24716,2
24717,0
24718,0
24719,0
24720,0
24721,0
24722,0
24723,1
24724,0
24725,2
24726,2
24727,0
24728,1
24729,2
24730,1
24731,1
24732,0
24733,0
24734,1
24735,0
24736,2
24737,2
24738,0
24739,1
24740,0
24741,0
24742,0
24743,2
24744,2
24745,1
24746,2
24747,1
24748,0
24749,0
24750,0
24751,0
24752,2
24753,0
24754,1
24755,1
24756,1
24757,1
24758,1
24759,1
24760,0
24761,1
24762,2
24763,0
24764,0
24765,2
24766,0
24767,1
24768,2
24769,0
24770,2
24771,0
24772,0
24773,1
24774,1
24775,0
24776,1
24777,0
24778,1
24779,1
24780,0
24781,2
24782,0
24783,2
24784,1
24785,0
24786,0
24787,1
24788,0
24789,0
24790,2
24791,0
24792,0
24793,2
24794,1
24795,2
24796,2
24797,0
24798,0
24799,0
24800,1
24801,0
24802,0
24803,1
24804,2
24805,1
24806,0
24807,0
24808,0
24809,0
24810,2
24811,2
24812,2
24813,1
24814,0
24815,2
24816,2
24817,1
24818,1
24819,0
24820,0
24821,2
24822,2
24823,0
24824,2
24825,2
24826,0
24827,2
24828,0
24829,0
24830,1
24831,1
24832,0
24833,2
24834,0
24835,1
24836,0
24837,0
24838,0
24839,1
24840,1
24841,2
24842,1
24843,2
24844,2
24845,0
24846,0
24847,0
24848,2
24849,0
24850,2
24851,1
24852,1
24853,1
24854,1
24855,1
24856,2
24857,1
24858,1
24859,0
24860,0
24861,2
24862,1
24863,1
24864,0
24865,0
24866,0
24867,1
24868,0
24869,0
24870,2
24871,1
24872,2
24873,1
24874,1
24875,2
24876,0
24877,0
24878,2
24879,1
24880,0
24881,2
24882,1
24883,0
24884,2
24885,2
24886,2
24887,2
24888,0
24889,1
24890,1
24891,0
24892,2
24893,0
24894,1
24895,0
24896,2
24897,0
24898,0
24899,2
24900,2
24901,0
24902,0
24903,0
24904,1
24905,2
24906,2
24907,0
24908,1
24909,0
24910,0
24911,0
24912,2
24913,1
24914,2
24915,0
24916,1
24917,1
24918,0
24919,0
24920,0
24921,0
24922,2
24923,0
24924,2
24925,0
24926,0
24927,0
24928,2
24929,2
24930,0
24931,0
24932,2
24933,0
24934,2
24935,1
24936,1
24937,0
24938,1
24939,0
24940,0
24941,1
24942,1
24943,1
24944,0
24945,0
24946,0
24947,0
24948,0
24949,0
24950,2
24951,0
24952,0
24953,2
24954,1
24955,1
24956,1
24957,1
24958,0
24959,0
24960,2
24961,0
24962,2
24963,2
24964,2
24965,0
24966,0
24967,2
24968,2
24969,1
24970,1
24971,0
24972,1
24973,1
24974,2
24975,0
24976,0
24977,1
24978,2
24979,1
24980,2
24981,1
24982,1
24983,0
24984,0
24985,0
24986,1
24987,0
24988,1
24989,2
24990,1
24991,1
24992,0
24993,2
24994,1
24995,0
24996,0
24997,2
24998,2
24999,1
